Vehicle_Type,Capacity,Category,Base_Fare
Auto,4,Economy,133
Electric,4,Comfort,233
Electric,3,Comfort,25
Auto,8,Economy,240
Mini,4,Economy,81
SUV,6,Premium,76
Luxury,4,Luxury,41
Sedan,8,Comfort,132
Premium,7,Premium,135
SUV,5,Premium,65
Mini,3,Economy,202
Luxury,5,Luxury,176
Electric,3,Comfort,52
Sedan,6,Comfort,88
Van,4,Luxury,138
Sedan,7,Comfort,186
Sedan,7,Comfort,106
Sedan,4,Comfort,189
Luxury,7,Luxury,172
Electric,8,Comfort,239
Electric,7,Comfort,174
Van,3,Luxury,43
Auto,7,Economy,107
Sedan,7,Comfort,122
Premium,6,Premium,21
Premium,8,Premium,167
Electric,7,Comfort,143
Electric,4,Comfort,180
SUV,5,Premium,111
Electric,8,Comfort,70
Mini,8,Economy,111
Van,3,Luxury,179
Mini,5,Economy,209
Auto,8,Economy,98
Van,6,Luxury,87
Premium,4,Premium,152
Mini,8,Economy,29
Luxury,3,Luxury,56
Auto,4,Economy,144
Luxury,6,Luxury,69
Premium,5,Premium,188
SUV,6,Premium,61
Electric,8,Comfort,131
Premium,4,Premium,105
Sedan,7,Comfort,99
Sedan,8,Comfort,137
Luxury,7,Luxury,119
Auto,7,Economy,88
Sedan,7,Comfort,210
Premium,5,Premium,188
Van,3,Luxury,108
Electric,8,Comfort,55
Sedan,5,Comfort,44
Van,3,Luxury,216
Sedan,7,Comfort,78
Electric,3,Comfort,49
Mini,3,Economy,26
Mini,8,Economy,170
Premium,7,Premium,217
Van,4,Luxury,209
SUV,7,Premium,207
Van,3,Luxury,54
SUV,3,Premium,208
Electric,7,Comfort,129
Auto,7,Economy,159
Mini,7,Economy,68
SUV,3,Premium,41
Auto,4,Economy,27
Electric,7,Comfort,158
Electric,4,Comfort,216
Sedan,5,Comfort,239
Van,8,Luxury,199
Luxury,8,Luxury,65
Van,7,Luxury,220
SUV,4,Premium,229
SUV,5,Premium,140
Electric,6,Comfort,152
Van,3,Luxury,148
Van,3,Luxury,203
Premium,8,Premium,155
Electric,5,Comfort,95
Premium,6,Premium,192
Sedan,3,Comfort,138
Premium,7,Premium,239
SUV,4,Premium,70
Auto,3,Economy,228
Mini,7,Economy,187
Electric,6,Comfort,119
Mini,8,Economy,111
Sedan,6,Comfort,203
Luxury,7,Luxury,206
Electric,5,Comfort,69
Premium,8,Premium,148
Van,5,Luxury,68
Auto,3,Economy,115
Auto,8,Economy,183
Electric,4,Comfort,203
Sedan,6,Comfort,115
Premium,6,Premium,89
Electric,4,Comfort,106
Auto,5,Economy,235
Electric,6,Comfort,58
Premium,5,Premium,138
Mini,7,Economy,233
Mini,5,Economy,101
Luxury,4,Luxury,188
Premium,3,Premium,140
Mini,3,Economy,140
Electric,3,Comfort,153
Electric,6,Comfort,203
Sedan,5,Comfort,101
Electric,6,Comfort,195
Sedan,3,Comfort,227
SUV,3,Premium,96
Premium,8,Premium,235
SUV,8,Premium,32
Van,4,Luxury,72
Van,6,Luxury,149
SUV,3,Premium,225
Luxury,8,Luxury,126
Auto,4,Economy,170
SUV,8,Premium,26
SUV,6,Premium,83
Electric,3,Comfort,159
Mini,6,Economy,190
Electric,4,Comfort,31
SUV,7,Premium,123
Premium,6,Premium,186
Sedan,5,Comfort,217
Van,5,Luxury,34
Luxury,4,Luxury,106
Auto,4,Economy,96
Premium,4,Premium,130
Van,6,Luxury,121
Luxury,7,Luxury,173
Sedan,3,Comfort,188
Luxury,8,Luxury,33
Electric,3,Comfort,55
Van,8,Luxury,216
Premium,8,Premium,216
Mini,4,Economy,123
Luxury,8,Luxury,194
Premium,6,Premium,143
Premium,3,Premium,89
SUV,5,Premium,76
Sedan,5,Comfort,90
Van,3,Luxury,81
Van,3,Luxury,119
Luxury,6,Luxury,204
Sedan,5,Comfort,69
Mini,6,Economy,60
Mini,6,Economy,160
Sedan,4,Comfort,25
Luxury,6,Luxury,171
SUV,7,Premium,154
Electric,8,Comfort,126
Van,8,Luxury,121
Mini,6,Economy,120
SUV,5,Premium,123
Luxury,8,Luxury,160
Auto,6,Economy,226
Van,4,Luxury,22
Premium,6,Premium,48
Van,8,Luxury,250
Mini,5,Economy,242
SUV,7,Premium,43
Luxury,7,Luxury,107
Auto,5,Economy,22
SUV,4,Premium,100
Mini,3,Economy,223
SUV,3,Premium,222
SUV,7,Premium,128
Premium,3,Premium,108
SUV,4,Premium,65
Auto,8,Economy,207
Sedan,8,Comfort,216
Mini,4,Economy,95
Auto,6,Economy,160
Electric,7,Comfort,131
Van,7,Luxury,96
Sedan,7,Comfort,31
Electric,6,Comfort,91
Van,7,Luxury,125
Luxury,4,Luxury,129
Auto,6,Economy,180
Sedan,5,Comfort,193
Premium,6,Premium,44
SUV,4,Premium,156
Mini,5,Economy,209
Mini,8,Economy,111
Sedan,7,Comfort,107
Luxury,4,Luxury,42
Auto,5,Economy,245
Electric,5,Comfort,93
Van,4,Luxury,50
Van,5,Luxury,249
Luxury,8,Luxury,227
SUV,8,Premium,168
Electric,8,Comfort,227
Electric,6,Comfort,116
Luxury,8,Luxury,217
Auto,3,Economy,248
Auto,5,Economy,245
Electric,7,Comfort,219
Premium,7,Premium,77
Auto,8,Economy,121
Luxury,8,Luxury,147
Electric,4,Comfort,62
Sedan,5,Comfort,109
Auto,8,Economy,182
SUV,8,Premium,86
Van,6,Luxury,113
Luxury,6,Luxury,90
Van,3,Luxury,246
Auto,5,Economy,143
Luxury,6,Luxury,59
Sedan,8,Comfort,116
Mini,6,Economy,51
Premium,5,Premium,114
Mini,4,Economy,245
Luxury,3,Luxury,240
Luxury,4,Luxury,177
Auto,6,Economy,39
Premium,3,Premium,187
Sedan,8,Comfort,130
Mini,3,Economy,242
SUV,4,Premium,177
Mini,4,Economy,248
Electric,6,Comfort,84
Mini,3,Economy,127
Electric,7,Comfort,182
Sedan,4,Comfort,34
Van,3,Luxury,127
Mini,7,Economy,44
Premium,6,Premium,123
Electric,6,Comfort,127
Mini,7,Economy,161
SUV,4,Premium,157
SUV,3,Premium,212
Mini,3,Economy,205
Luxury,5,Luxury,55
Auto,3,Economy,207
SUV,6,Premium,150
Luxury,8,Luxury,64
Mini,4,Economy,142
Electric,3,Comfort,240
Electric,6,Comfort,173
Van,6,Luxury,21
Van,7,Luxury,197
Electric,6,Comfort,76
Van,4,Luxury,180
SUV,8,Premium,227
Auto,3,Economy,129
Premium,7,Premium,66
Auto,5,Economy,94
Van,6,Luxury,78
Van,7,Luxury,212
Auto,6,Economy,187
Mini,3,Economy,57
Mini,4,Economy,92
Van,7,Luxury,181
Electric,6,Comfort,222
Premium,5,Premium,75
Sedan,4,Comfort,130
Mini,4,Economy,246
Auto,3,Economy,183
Sedan,6,Comfort,230
Mini,5,Economy,130
Electric,5,Comfort,85
Electric,6,Comfort,81
Auto,7,Economy,148
Van,7,Luxury,240
Van,4,Luxury,107
Mini,4,Economy,50
Van,7,Luxury,53
Luxury,5,Luxury,151
Auto,7,Economy,81
Electric,6,Comfort,63
Van,6,Luxury,155
Luxury,4,Luxury,142
Sedan,4,Comfort,107
Luxury,7,Luxury,48
Electric,7,Comfort,200
Van,3,Luxury,25
Luxury,6,Luxury,96
Premium,6,Premium,89
Luxury,5,Luxury,29
Van,4,Luxury,37
Auto,5,Economy,199
Luxury,8,Luxury,89
Electric,5,Comfort,185
Electric,3,Comfort,170
Auto,7,Economy,109
Mini,7,Economy,198
Auto,3,Economy,59
Luxury,5,Luxury,243
Mini,3,Economy,218
Auto,3,Economy,249
Mini,4,Economy,130
Auto,4,Economy,208
Auto,3,Economy,141
Van,7,Luxury,76
Electric,3,Comfort,205
Auto,4,Economy,135
Sedan,7,Comfort,244
Electric,8,Comfort,137
Sedan,3,Comfort,67
Luxury,5,Luxury,83
Auto,3,Economy,242
Luxury,8,Luxury,127
SUV,4,Premium,210
Auto,6,Economy,23
Mini,6,Economy,229
Sedan,5,Comfort,148
Auto,5,Economy,224
Sedan,5,Comfort,190
Van,8,Luxury,93
Van,4,Luxury,143
Sedan,7,Comfort,122
Auto,7,Economy,246
Sedan,6,Comfort,179
Sedan,3,Comfort,209
Auto,3,Economy,161
Mini,7,Economy,180
Auto,4,Economy,188
Premium,4,Premium,59
Mini,3,Economy,30
Van,4,Luxury,208
Van,8,Luxury,160
Sedan,4,Comfort,40
Sedan,5,Comfort,200
Sedan,4,Comfort,244
Mini,7,Economy,179
Electric,4,Comfort,99
Premium,4,Premium,33
SUV,3,Premium,224
SUV,7,Premium,170
Sedan,6,Comfort,231
Auto,7,Economy,234
Premium,8,Premium,165
Sedan,8,Comfort,236
Van,8,Luxury,139
Electric,7,Comfort,33
Mini,5,Economy,64
Electric,6,Comfort,215
Van,6,Luxury,68
Sedan,6,Comfort,79
SUV,6,Premium,147
Luxury,6,Luxury,45
SUV,5,Premium,222
Premium,6,Premium,66
Van,4,Luxury,204
Premium,4,Premium,56
Mini,3,Economy,64
SUV,5,Premium,66
SUV,4,Premium,245
Mini,6,Economy,154
Premium,5,Premium,212
Sedan,6,Comfort,243
Luxury,7,Luxury,118
SUV,6,Premium,234
Premium,8,Premium,117
Mini,6,Economy,178
Luxury,4,Luxury,211
Sedan,3,Comfort,215
Electric,3,Comfort,136
Auto,3,Economy,66
SUV,3,Premium,45
Mini,5,Economy,179
Mini,3,Economy,143
Van,5,Luxury,27
Mini,7,Economy,128
Electric,3,Comfort,123
Sedan,4,Comfort,78
Premium,6,Premium,216
Sedan,3,Comfort,101
Van,6,Luxury,200
Mini,5,Economy,244
SUV,5,Premium,222
SUV,5,Premium,124
Premium,3,Premium,47
Mini,7,Economy,170
Luxury,3,Luxury,74
Mini,6,Economy,163
Electric,7,Comfort,143
Luxury,6,Luxury,187
Luxury,5,Luxury,155
Mini,5,Economy,87
Premium,7,Premium,29
Mini,5,Economy,66
Electric,7,Comfort,209
Mini,5,Economy,225
Van,8,Luxury,112
Premium,6,Premium,177
Sedan,7,Comfort,182
Mini,3,Economy,30
SUV,5,Premium,24
Van,4,Luxury,89
Auto,8,Economy,22
SUV,5,Premium,221
Premium,3,Premium,51
Auto,5,Economy,34
Auto,4,Economy,193
Sedan,5,Comfort,222
Van,3,Luxury,113
Premium,5,Premium,144
Electric,5,Comfort,181
Mini,3,Economy,177
SUV,8,Premium,100
Electric,7,Comfort,229
Auto,8,Economy,160
Premium,4,Premium,114
Mini,6,Economy,203
Electric,5,Comfort,193
Auto,3,Economy,171
Electric,5,Comfort,149
Sedan,3,Comfort,180
SUV,8,Premium,223
SUV,4,Premium,165
Sedan,6,Comfort,209
SUV,4,Premium,66
Electric,3,Comfort,143
Auto,7,Economy,249
Premium,7,Premium,72
SUV,8,Premium,89
Mini,5,Economy,57
Luxury,5,Luxury,144
Electric,8,Comfort,66
SUV,3,Premium,121
Premium,4,Premium,31
Van,3,Luxury,159
Electric,8,Comfort,147
Premium,6,Premium,148
Premium,8,Premium,235
Luxury,7,Luxury,113
Electric,8,Comfort,28
Sedan,5,Comfort,184
Premium,4,Premium,183
Luxury,3,Luxury,163
Sedan,7,Comfort,249
SUV,6,Premium,183
SUV,3,Premium,208
Auto,5,Economy,243
Luxury,5,Luxury,174
Premium,7,Premium,70
Luxury,3,Luxury,73
Sedan,8,Comfort,158
Auto,6,Economy,206
Mini,3,Economy,27
Van,3,Luxury,114
SUV,7,Premium,23
Auto,5,Economy,29
SUV,3,Premium,23
Luxury,8,Luxury,129
Van,7,Luxury,26
Luxury,7,Luxury,140
Mini,4,Economy,223
Luxury,6,Luxury,20
Sedan,5,Comfort,217
Auto,7,Economy,72
Van,6,Luxury,124
Electric,8,Comfort,32
Premium,3,Premium,136
Van,4,Luxury,37
Sedan,6,Comfort,79
SUV,6,Premium,141
Mini,4,Economy,176
SUV,5,Premium,64
Electric,5,Comfort,109
Mini,6,Economy,45
Premium,4,Premium,27
Luxury,7,Luxury,230
Luxury,7,Luxury,90
Luxury,5,Luxury,187
Auto,4,Economy,207
Van,5,Luxury,79
Premium,4,Premium,194
Premium,6,Premium,128
Sedan,4,Comfort,52
Luxury,4,Luxury,106
Luxury,7,Luxury,147
Premium,6,Premium,243
Luxury,4,Luxury,166
Luxury,6,Luxury,234
SUV,8,Premium,249
Luxury,4,Luxury,249
Van,5,Luxury,33
Auto,3,Economy,96
SUV,8,Premium,120
Van,8,Luxury,42
SUV,3,Premium,212
Electric,5,Comfort,42
Sedan,5,Comfort,205
Van,4,Luxury,224
Mini,7,Economy,188
SUV,8,Premium,115
Premium,8,Premium,194
Van,7,Luxury,240
Luxury,6,Luxury,210
Premium,3,Premium,121
Auto,7,Economy,134
Luxury,8,Luxury,56
Luxury,4,Luxury,138
Auto,5,Economy,60
Electric,3,Comfort,174
Auto,4,Economy,143
Luxury,4,Luxury,140
Luxury,8,Luxury,200
Van,5,Luxury,143
Sedan,8,Comfort,97
Mini,3,Economy,168
Auto,7,Economy,50
Van,7,Luxury,152
Auto,6,Economy,192
Van,8,Luxury,181
Van,5,Luxury,93
Auto,3,Economy,146
Van,4,Luxury,40
Electric,4,Comfort,65
Van,7,Luxury,83
Premium,6,Premium,206
SUV,3,Premium,197
Mini,6,Economy,75
Mini,8,Economy,152
Sedan,7,Comfort,34
Premium,5,Premium,118
Electric,3,Comfort,244
Van,8,Luxury,28
Auto,3,Economy,185
Mini,5,Economy,227
Luxury,7,Luxury,70
Van,5,Luxury,81
SUV,5,Premium,75
Premium,5,Premium,129
Auto,7,Economy,78
Auto,5,Economy,197
Sedan,3,Comfort,248
Luxury,5,Luxury,185
Premium,6,Premium,174
SUV,6,Premium,117
Mini,4,Economy,209
SUV,5,Premium,178
Van,4,Luxury,58
Electric,7,Comfort,75
Auto,8,Economy,111
Premium,3,Premium,163
Auto,8,Economy,212
Premium,8,Premium,84
Mini,7,Economy,143
Auto,3,Economy,144
Mini,3,Economy,100
Mini,4,Economy,207
Mini,7,Economy,66
SUV,3,Premium,83
Premium,8,Premium,189
Premium,7,Premium,229
Electric,8,Comfort,237
SUV,8,Premium,171
Sedan,6,Comfort,41
Premium,5,Premium,132
Auto,3,Economy,235
Electric,4,Comfort,116
Van,4,Luxury,212
Luxury,6,Luxury,198
Van,6,Luxury,36
Luxury,5,Luxury,34
Mini,4,Economy,75
Electric,7,Comfort,58
Premium,8,Premium,26
Sedan,8,Comfort,85
Electric,4,Comfort,188
Sedan,3,Comfort,103
Auto,5,Economy,76
Premium,6,Premium,241
Mini,8,Economy,191
Electric,4,Comfort,43
Mini,5,Economy,101
Mini,7,Economy,109
Van,4,Luxury,242
Premium,6,Premium,220
Auto,5,Economy,225
Luxury,7,Luxury,194
Electric,3,Comfort,65
Luxury,6,Luxury,162
Van,7,Luxury,89
Luxury,3,Luxury,21
Premium,4,Premium,140
Electric,4,Comfort,24
Auto,6,Economy,40
Van,5,Luxury,81
Mini,6,Economy,209
SUV,8,Premium,227
Premium,7,Premium,134
Luxury,3,Luxury,196
Auto,6,Economy,83
Luxury,6,Luxury,51
Luxury,4,Luxury,105
Luxury,3,Luxury,223
Auto,8,Economy,65
Van,3,Luxury,35
Van,7,Luxury,125
Mini,4,Economy,143
Premium,8,Premium,130
Premium,4,Premium,127
Auto,4,Economy,57
SUV,5,Premium,143
Premium,3,Premium,121
SUV,6,Premium,37
Premium,6,Premium,85
Mini,3,Economy,153
Sedan,3,Comfort,244
Electric,4,Comfort,41
Van,3,Luxury,234
SUV,6,Premium,171
Luxury,3,Luxury,138
Sedan,3,Comfort,109
Mini,4,Economy,186
Premium,4,Premium,200
Mini,4,Economy,85
Mini,4,Economy,49
Van,3,Luxury,104
SUV,8,Premium,223
Premium,6,Premium,35
Sedan,3,Comfort,67
Premium,7,Premium,178
Sedan,4,Comfort,158
Premium,4,Premium,243
Premium,7,Premium,213
Auto,8,Economy,101
Luxury,5,Luxury,205
Electric,3,Comfort,136
Premium,7,Premium,165
Auto,6,Economy,149
Premium,7,Premium,44
Auto,3,Economy,87
Luxury,7,Luxury,56
Sedan,7,Comfort,108
Luxury,5,Luxury,39
Sedan,7,Comfort,163
Mini,6,Economy,111
Auto,4,Economy,190
SUV,8,Premium,137
Sedan,4,Comfort,183
Mini,8,Economy,225
Van,4,Luxury,201
Van,4,Luxury,211
Sedan,6,Comfort,176
Sedan,7,Comfort,215
Mini,6,Economy,149
Luxury,7,Luxury,61
SUV,8,Premium,100
Auto,5,Economy,176
Sedan,7,Comfort,36
Electric,7,Comfort,78
Electric,7,Comfort,247
Sedan,4,Comfort,165
Luxury,3,Luxury,168
Luxury,7,Luxury,172
Electric,7,Comfort,53
Premium,5,Premium,140
SUV,6,Premium,205
SUV,3,Premium,219
Sedan,6,Comfort,177
Electric,6,Comfort,165
Van,6,Luxury,213
Van,3,Luxury,174
Premium,3,Premium,178
SUV,3,Premium,193
Luxury,5,Luxury,119
Sedan,8,Comfort,149
Luxury,6,Luxury,83
Electric,5,Comfort,27
Mini,5,Economy,246
Mini,7,Economy,246
Luxury,3,Luxury,173
SUV,6,Premium,196
SUV,5,Premium,171
Electric,5,Comfort,45
Auto,8,Economy,150
Van,7,Luxury,127
Sedan,7,Comfort,81
Mini,6,Economy,156
Luxury,8,Luxury,148
Auto,3,Economy,201
Van,5,Luxury,191
SUV,5,Premium,67
Sedan,6,Comfort,232
Sedan,6,Comfort,152
SUV,3,Premium,25
Premium,4,Premium,22
Van,4,Luxury,249
Luxury,7,Luxury,34
Luxury,3,Luxury,244
Mini,7,Economy,24
Sedan,3,Comfort,179
Electric,5,Comfort,33
Electric,5,Comfort,43
Luxury,4,Luxury,206
Luxury,5,Luxury,86
SUV,5,Premium,137
Mini,4,Economy,181
Auto,8,Economy,70
Electric,5,Comfort,203
Luxury,3,Luxury,73
Mini,6,Economy,149
Van,6,Luxury,238
Van,7,Luxury,233
Sedan,6,Comfort,108
Mini,6,Economy,207
Van,4,Luxury,155
Electric,5,Comfort,212
Van,3,Luxury,53
Electric,4,Comfort,247
Premium,4,Premium,142
Premium,6,Premium,159
Premium,4,Premium,248
Mini,7,Economy,98
Van,5,Luxury,64
SUV,6,Premium,131
Sedan,5,Comfort,224
Electric,7,Comfort,109
Premium,6,Premium,218
Auto,6,Economy,140
Van,8,Luxury,29
Sedan,4,Comfort,165
Mini,6,Economy,160
Sedan,6,Comfort,174
Premium,4,Premium,180
Luxury,4,Luxury,42
Luxury,4,Luxury,32
SUV,4,Premium,177
Mini,6,Economy,184
Mini,5,Economy,40
Premium,8,Premium,70
SUV,4,Premium,163
Electric,4,Comfort,232
Premium,7,Premium,184
Mini,8,Economy,184
Luxury,4,Luxury,174
SUV,5,Premium,198
Premium,5,Premium,205
SUV,7,Premium,247
Premium,7,Premium,47
Auto,4,Economy,151
Luxury,7,Luxury,175
Mini,8,Economy,164
Luxury,6,Luxury,177
Van,6,Luxury,110
Electric,8,Comfort,30
Van,5,Luxury,173
Luxury,4,Luxury,22
SUV,6,Premium,150
SUV,6,Premium,180
Mini,3,Economy,118
Sedan,5,Comfort,43
Mini,5,Economy,139
Luxury,5,Luxury,201
Van,6,Luxury,188
Auto,6,Economy,44
Mini,7,Economy,203
Luxury,5,Luxury,189
Auto,5,Economy,50
Van,4,Luxury,53
Premium,7,Premium,240
Van,6,Luxury,49
Electric,3,Comfort,126
Electric,6,Comfort,243
SUV,8,Premium,124
Van,5,Luxury,65
Mini,4,Economy,76
Mini,4,Economy,159
Luxury,8,Luxury,145
Sedan,3,Comfort,227
Auto,3,Economy,140
Electric,7,Comfort,91
Sedan,4,Comfort,76
Premium,6,Premium,219
Auto,8,Economy,149
Van,4,Luxury,20
Van,7,Luxury,117
SUV,3,Premium,30
Van,7,Luxury,179
Auto,8,Economy,104
Electric,6,Comfort,82
SUV,5,Premium,100
Mini,3,Economy,188
Mini,3,Economy,153
Premium,3,Premium,218
Mini,8,Economy,130
Auto,6,Economy,150
Luxury,3,Luxury,75
Luxury,4,Luxury,35
Van,3,Luxury,22
Electric,7,Comfort,125
Van,4,Luxury,218
Sedan,7,Comfort,100
Electric,7,Comfort,127
Auto,5,Economy,84
Mini,3,Economy,210
Electric,7,Comfort,148
SUV,3,Premium,171
Auto,4,Economy,49
Premium,4,Premium,20
Electric,4,Comfort,24
Electric,3,Comfort,102
Mini,8,Economy,106
Auto,5,Economy,106
Sedan,5,Comfort,79
Premium,4,Premium,79
SUV,7,Premium,159
Luxury,6,Luxury,49
Premium,6,Premium,229
Mini,7,Economy,40
Premium,7,Premium,33
Mini,4,Economy,240
Sedan,5,Comfort,186
Electric,3,Comfort,71
Sedan,7,Comfort,77
Sedan,7,Comfort,203
Luxury,7,Luxury,79
Premium,8,Premium,90
Sedan,4,Comfort,39
SUV,3,Premium,120
Auto,3,Economy,127
Mini,7,Economy,59
Premium,7,Premium,206
Electric,7,Comfort,212
Premium,3,Premium,162
Mini,4,Economy,154
Luxury,5,Luxury,158
Luxury,7,Luxury,157
Sedan,8,Comfort,40
Luxury,8,Luxury,170
Luxury,4,Luxury,203
Electric,8,Comfort,140
Premium,6,Premium,145
Premium,6,Premium,114
Van,6,Luxury,224
Auto,3,Economy,67
Mini,6,Economy,57
Auto,4,Economy,210
Luxury,5,Luxury,183
SUV,7,Premium,167
Luxury,5,Luxury,128
Van,4,Luxury,71
Sedan,6,Comfort,135
Van,3,Luxury,239
Auto,5,Economy,246
Van,8,Luxury,116
SUV,8,Premium,237
Sedan,8,Comfort,131
Mini,8,Economy,140
Van,5,Luxury,183
Sedan,6,Comfort,239
Electric,8,Comfort,137
Luxury,8,Luxury,107
Electric,3,Comfort,223
Luxury,7,Luxury,189
Mini,8,Economy,203
Van,5,Luxury,150
Auto,6,Economy,213
Electric,6,Comfort,46
Van,8,Luxury,99
Auto,6,Economy,215
Electric,3,Comfort,63
Auto,8,Economy,111
Mini,6,Economy,189
Mini,5,Economy,63
Van,5,Luxury,219
Mini,4,Economy,85
Electric,6,Comfort,203
Electric,3,Comfort,196
Electric,8,Comfort,164
SUV,7,Premium,219
Premium,5,Premium,48
Auto,4,Economy,195
Luxury,5,Luxury,95
Luxury,6,Luxury,64
Sedan,3,Comfort,48
Electric,3,Comfort,206
SUV,3,Premium,141
Electric,5,Comfort,48
Sedan,3,Comfort,75
Luxury,8,Luxury,26
Van,5,Luxury,102
Auto,8,Economy,239
Mini,3,Economy,160
Luxury,5,Luxury,25
Mini,3,Economy,239
Luxury,5,Luxury,52
Mini,7,Economy,33
Premium,4,Premium,203
SUV,6,Premium,109
Premium,3,Premium,242
Premium,4,Premium,182
Electric,6,Comfort,106
Luxury,8,Luxury,113
Premium,5,Premium,107
SUV,3,Premium,149
Luxury,8,Luxury,247
Premium,3,Premium,143
Sedan,7,Comfort,63
Mini,3,Economy,170
Electric,7,Comfort,100
Van,6,Luxury,179
Sedan,3,Comfort,45
Sedan,6,Comfort,74
Auto,5,Economy,150
Luxury,3,Luxury,28
SUV,4,Premium,229
Luxury,6,Luxury,167
Luxury,8,Luxury,205
Sedan,7,Comfort,139
Mini,3,Economy,21
SUV,4,Premium,90
Premium,5,Premium,123
Luxury,8,Luxury,58
Sedan,8,Comfort,24
Premium,6,Premium,106
Electric,4,Comfort,182
Mini,3,Economy,154
Electric,8,Comfort,122
SUV,7,Premium,96
Van,8,Luxury,249
Mini,4,Economy,242
Luxury,5,Luxury,181
Sedan,8,Comfort,250
SUV,8,Premium,119
Electric,5,Comfort,62
Premium,5,Premium,125
SUV,7,Premium,54
Electric,3,Comfort,127
Auto,7,Economy,213
Mini,7,Economy,125
Mini,4,Economy,174
Mini,8,Economy,33
Electric,8,Comfort,50
Sedan,5,Comfort,120
SUV,6,Premium,141
Mini,4,Economy,78
SUV,3,Premium,28
Mini,7,Economy,32
SUV,6,Premium,56
SUV,6,Premium,48
Van,4,Luxury,27
Van,8,Luxury,224
Van,3,Luxury,185
Luxury,5,Luxury,213
Sedan,8,Comfort,62
Electric,4,Comfort,132
Premium,8,Premium,34
Luxury,3,Luxury,192
Auto,3,Economy,136
Luxury,5,Luxury,121
Premium,3,Premium,177
SUV,5,Premium,224
Luxury,8,Luxury,96
Van,8,Luxury,136
Mini,3,Economy,223
Premium,6,Premium,48
Luxury,5,Luxury,90
Electric,5,Comfort,54
Mini,7,Economy,177
Luxury,8,Luxury,63
Auto,3,Economy,192
SUV,6,Premium,219
Mini,6,Economy,148
Sedan,3,Comfort,158
Van,5,Luxury,231
Premium,8,Premium,21
Luxury,5,Luxury,186
Sedan,4,Comfort,64
Sedan,4,Comfort,111
Sedan,6,Comfort,66
Auto,7,Economy,219
Luxury,8,Luxury,102
Electric,8,Comfort,37
Mini,8,Economy,103
Electric,5,Comfort,99
Premium,3,Premium,27
Electric,8,Comfort,230
Van,5,Luxury,241
Mini,4,Economy,178
SUV,7,Premium,89
Sedan,5,Comfort,28
Van,4,Luxury,191
Van,4,Luxury,77
Luxury,7,Luxury,45
Premium,6,Premium,70
Mini,5,Economy,75
Auto,6,Economy,30
Electric,5,Comfort,79
Mini,4,Economy,26
Auto,6,Economy,46
Sedan,4,Comfort,235
Sedan,6,Comfort,78
Luxury,6,Luxury,189
Luxury,6,Luxury,122
Electric,7,Comfort,121
Van,5,Luxury,111
Auto,7,Economy,37
Van,4,Luxury,202
Sedan,6,Comfort,154
Sedan,4,Comfort,198
Electric,5,Comfort,162
Sedan,4,Comfort,56
SUV,6,Premium,109
Luxury,4,Luxury,37
Premium,3,Premium,145
Van,7,Luxury,153
Sedan,7,Comfort,31
Van,4,Luxury,187
Luxury,5,Luxury,180
SUV,3,Premium,195
SUV,3,Premium,119
Premium,5,Premium,92
Luxury,4,Luxury,179
Electric,4,Comfort,203
Van,3,Luxury,83
Electric,3,Comfort,83
Electric,5,Comfort,41
Sedan,8,Comfort,236
Electric,7,Comfort,226
Sedan,6,Comfort,74
Mini,8,Economy,192
Luxury,4,Luxury,34
Mini,4,Economy,98
Electric,3,Comfort,122
SUV,4,Premium,130
Mini,7,Economy,228
Auto,4,Economy,165
SUV,7,Premium,153
Sedan,3,Comfort,223
Van,4,Luxury,156
Auto,5,Economy,212
Van,5,Luxury,45
SUV,4,Premium,185
Van,6,Luxury,119
Mini,8,Economy,72
Premium,5,Premium,130
Luxury,8,Luxury,246
Auto,5,Economy,79
Auto,5,Economy,190
Electric,6,Comfort,24
Sedan,5,Comfort,163
Electric,6,Comfort,171
Mini,6,Economy,88
Mini,3,Economy,97
Premium,5,Premium,194
Auto,4,Economy,234
Auto,6,Economy,159
Van,5,Luxury,219
Sedan,8,Comfort,30
Sedan,4,Comfort,178
SUV,7,Premium,148
Van,6,Luxury,25
Luxury,4,Luxury,66
Auto,8,Economy,172
Sedan,8,Comfort,212
Mini,7,Economy,206
Electric,7,Comfort,114
Sedan,8,Comfort,184
Van,5,Luxury,48
Electric,6,Comfort,235
Mini,4,Economy,51
Van,5,Luxury,118
Sedan,8,Comfort,117
SUV,3,Premium,134
Van,6,Luxury,154
Auto,7,Economy,25
Premium,8,Premium,81
Sedan,6,Comfort,170
Auto,5,Economy,60
Electric,5,Comfort,146
Electric,5,Comfort,138
Electric,7,Comfort,199
Premium,4,Premium,222
Premium,5,Premium,90
Luxury,7,Luxury,193
Sedan,7,Comfort,166
Sedan,8,Comfort,147
Luxury,8,Luxury,30
Van,6,Luxury,104
SUV,8,Premium,190
Electric,6,Comfort,133
Mini,6,Economy,242
Auto,3,Economy,237
Sedan,5,Comfort,227
Premium,7,Premium,62
Auto,8,Economy,147
Electric,3,Comfort,220
Mini,4,Economy,88
SUV,5,Premium,90
Premium,7,Premium,44
Luxury,7,Luxury,227
Sedan,3,Comfort,159
SUV,7,Premium,231
SUV,6,Premium,99
SUV,5,Premium,242
Luxury,4,Luxury,139
Luxury,4,Luxury,236
Mini,3,Economy,140
Premium,4,Premium,44
Electric,3,Comfort,92
Electric,8,Comfort,121
Van,3,Luxury,201
Van,5,Luxury,85
Van,4,Luxury,130
Mini,8,Economy,92
Luxury,5,Luxury,55
Premium,4,Premium,71
Premium,3,Premium,74
Mini,7,Economy,190
Premium,5,Premium,201
Auto,5,Economy,68
SUV,4,Premium,137
Sedan,5,Comfort,66
Electric,8,Comfort,202
Sedan,8,Comfort,106
SUV,5,Premium,82
Premium,6,Premium,211
Mini,3,Economy,98
Sedan,6,Comfort,155
Luxury,3,Luxury,27
Auto,5,Economy,151
Van,8,Luxury,212
Auto,4,Economy,241
Premium,5,Premium,236
Sedan,4,Comfort,121
Mini,6,Economy,50
Premium,8,Premium,165
Auto,6,Economy,59
Auto,8,Economy,223
Sedan,3,Comfort,215
Premium,3,Premium,55
Electric,6,Comfort,72
Mini,5,Economy,78
Premium,3,Premium,102
Luxury,8,Luxury,39
Van,5,Luxury,222
Sedan,4,Comfort,154
Mini,3,Economy,193
Electric,8,Comfort,72
SUV,6,Premium,233
Sedan,5,Comfort,152
Auto,3,Economy,107
Premium,7,Premium,183
Mini,6,Economy,93
Mini,4,Economy,158
Premium,5,Premium,196
Electric,5,Comfort,79
SUV,7,Premium,98
Mini,5,Economy,250
Electric,6,Comfort,136
SUV,4,Premium,209
Van,8,Luxury,128
Mini,6,Economy,180
Sedan,4,Comfort,147
Auto,5,Economy,156
SUV,8,Premium,222
Mini,6,Economy,171
Van,6,Luxury,232
Electric,7,Comfort,127
Premium,3,Premium,155
Electric,3,Comfort,95
Electric,6,Comfort,98
Mini,3,Economy,42
Electric,8,Comfort,32
Van,3,Luxury,70
Luxury,4,Luxury,173
Luxury,4,Luxury,215
Sedan,3,Comfort,58
Electric,5,Comfort,101
Sedan,3,Comfort,66
Premium,6,Premium,103
Van,6,Luxury,167
Premium,4,Premium,58
Sedan,4,Comfort,216
Auto,7,Economy,72
Luxury,4,Luxury,65
Luxury,5,Luxury,214
Luxury,8,Luxury,36
Auto,3,Economy,174
Luxury,6,Luxury,55
SUV,6,Premium,223
SUV,4,Premium,157
Auto,5,Economy,109
Auto,3,Economy,90
Van,7,Luxury,111
Van,6,Luxury,49
Premium,5,Premium,249
Sedan,7,Comfort,162
Van,5,Luxury,43
Mini,5,Economy,228
SUV,5,Premium,210
SUV,8,Premium,50
Electric,6,Comfort,41
Mini,6,Economy,161
Electric,3,Comfort,200
Electric,8,Comfort,72
SUV,3,Premium,162
Premium,7,Premium,135
Auto,5,Economy,138
Electric,8,Comfort,114
Sedan,4,Comfort,80
Electric,8,Comfort,184
Premium,8,Premium,30
Auto,7,Economy,90
Auto,4,Economy,241
Auto,7,Economy,26
Mini,3,Economy,231
Auto,5,Economy,53
Luxury,7,Luxury,50
SUV,4,Premium,198
Premium,7,Premium,229
Luxury,7,Luxury,240
Mini,4,Economy,127
Mini,8,Economy,165
Sedan,5,Comfort,65
Mini,5,Economy,65
Premium,3,Premium,61
Sedan,5,Comfort,24
Luxury,8,Luxury,41
SUV,7,Premium,27
Premium,7,Premium,72
Sedan,4,Comfort,114
Luxury,3,Luxury,85
Electric,4,Comfort,242
SUV,3,Premium,194
Electric,3,Comfort,179
SUV,3,Premium,45
Auto,6,Economy,95
Sedan,8,Comfort,162
Sedan,6,Comfort,156
Auto,6,Economy,172
Sedan,4,Comfort,46
Electric,5,Comfort,40
Electric,4,Comfort,22
Van,8,Luxury,238
Mini,7,Economy,228
Electric,3,Comfort,221
Mini,5,Economy,70
SUV,8,Premium,207
SUV,6,Premium,112
Mini,3,Economy,217
Mini,5,Economy,146
Premium,3,Premium,62
Premium,4,Premium,180
Electric,6,Comfort,98
Van,6,Luxury,113
Mini,7,Economy,47
Electric,3,Comfort,250
Electric,6,Comfort,134
SUV,7,Premium,250
Auto,7,Economy,203
SUV,6,Premium,69
Sedan,3,Comfort,33
Sedan,5,Comfort,64
Mini,3,Economy,234
SUV,8,Premium,179
Premium,6,Premium,170
Van,7,Luxury,157
Mini,3,Economy,245
Mini,4,Economy,152
Mini,3,Economy,153
Van,8,Luxury,176
Luxury,8,Luxury,112
Premium,3,Premium,116
Van,5,Luxury,249
SUV,3,Premium,192
Premium,7,Premium,82
SUV,7,Premium,219
Electric,8,Comfort,26
SUV,4,Premium,240
Van,4,Luxury,215
SUV,8,Premium,185
Sedan,6,Comfort,107
SUV,4,Premium,73
Electric,7,Comfort,236
SUV,5,Premium,120
Premium,6,Premium,100
SUV,3,Premium,225
Premium,3,Premium,93
Luxury,8,Luxury,142
Mini,3,Economy,132
Van,4,Luxury,133
SUV,8,Premium,64
Premium,4,Premium,198
SUV,5,Premium,33
Electric,5,Comfort,234
Premium,8,Premium,152
Premium,7,Premium,78
Van,5,Luxury,45
Mini,6,Economy,79
SUV,3,Premium,140
Mini,4,Economy,132
Sedan,6,Comfort,114
Luxury,6,Luxury,170
Sedan,8,Comfort,66
SUV,7,Premium,167
Premium,6,Premium,44
Luxury,8,Luxury,57
SUV,7,Premium,71
SUV,6,Premium,123
Mini,6,Economy,23
Mini,8,Economy,226
Luxury,5,Luxury,162
Luxury,8,Luxury,188
Sedan,6,Comfort,35
Luxury,6,Luxury,177
Auto,7,Economy,208
Electric,7,Comfort,250
Mini,6,Economy,163
Mini,3,Economy,166
Sedan,7,Comfort,131
SUV,6,Premium,172
SUV,7,Premium,238
Premium,8,Premium,156
Sedan,5,Comfort,160
Sedan,5,Comfort,197
Mini,8,Economy,102
Mini,6,Economy,205
Premium,4,Premium,67
SUV,8,Premium,73
Van,3,Luxury,42
Electric,6,Comfort,99
SUV,7,Premium,172
SUV,5,Premium,201
Electric,6,Comfort,111
Van,5,Luxury,125
Premium,5,Premium,123
Sedan,5,Comfort,245
Premium,3,Premium,68
Premium,3,Premium,78
Premium,7,Premium,170
Auto,7,Economy,143
Premium,3,Premium,77
Electric,8,Comfort,211
Auto,8,Economy,126
Premium,8,Premium,226
Auto,5,Economy,216
Luxury,6,Luxury,200
SUV,8,Premium,214
Sedan,8,Comfort,28
Premium,4,Premium,217
Sedan,8,Comfort,30
Auto,4,Economy,35
Sedan,4,Comfort,45
SUV,6,Premium,69
Electric,7,Comfort,107
Sedan,5,Comfort,110
Luxury,5,Luxury,241
SUV,3,Premium,167
SUV,8,Premium,115
Electric,3,Comfort,145
Luxury,5,Luxury,63
Electric,6,Comfort,111
Sedan,4,Comfort,102
SUV,3,Premium,245
Premium,6,Premium,229
Luxury,5,Luxury,88
SUV,8,Premium,154
Auto,4,Economy,124
Premium,8,Premium,201
Van,6,Luxury,145
Electric,7,Comfort,208
SUV,4,Premium,93
Sedan,8,Comfort,225
Auto,4,Economy,155
Premium,3,Premium,238
Auto,8,Economy,187
Luxury,6,Luxury,40
SUV,7,Premium,75
Van,3,Luxury,118
Electric,7,Comfort,163
SUV,4,Premium,160
Electric,7,Comfort,60
Sedan,8,Comfort,38
Luxury,7,Luxury,190
Premium,4,Premium,187
Luxury,5,Luxury,199
Sedan,4,Comfort,250
Premium,8,Premium,133
Mini,3,Economy,192
Auto,4,Economy,156
SUV,3,Premium,239
Electric,7,Comfort,104
Auto,7,Economy,201
Electric,6,Comfort,207
Luxury,4,Luxury,203
SUV,5,Premium,84
Van,7,Luxury,115
Van,3,Luxury,171
Auto,5,Economy,24
Mini,8,Economy,189
Luxury,7,Luxury,229
Premium,7,Premium,79
Auto,4,Economy,49
Auto,7,Economy,204
Mini,8,Economy,125
Sedan,8,Comfort,64
Electric,5,Comfort,127
Luxury,3,Luxury,37
Luxury,7,Luxury,214
Van,8,Luxury,227
Luxury,3,Luxury,198
Premium,5,Premium,153
Premium,3,Premium,100
Auto,6,Economy,214
Premium,8,Premium,75
Premium,4,Premium,59
Electric,5,Comfort,174
Sedan,3,Comfort,247
Sedan,5,Comfort,57
Sedan,3,Comfort,174
Van,7,Luxury,205
SUV,8,Premium,241
Mini,7,Economy,183
SUV,3,Premium,241
Premium,8,Premium,227
SUV,3,Premium,59
SUV,6,Premium,39
Mini,7,Economy,137
Sedan,8,Comfort,160
Mini,8,Economy,166
Auto,3,Economy,213
Electric,5,Comfort,243
Auto,8,Economy,198
Mini,5,Economy,32
Luxury,5,Luxury,135
Luxury,6,Luxury,126
Electric,6,Comfort,243
Van,4,Luxury,105
Mini,6,Economy,69
SUV,6,Premium,96
Auto,5,Economy,26
Premium,7,Premium,202
Luxury,7,Luxury,69
Luxury,7,Luxury,57
Luxury,8,Luxury,150
Mini,3,Economy,143
Mini,4,Economy,166
Mini,4,Economy,169
Auto,3,Economy,173
SUV,4,Premium,225
Premium,4,Premium,132
Auto,4,Economy,167
Premium,7,Premium,42
Luxury,7,Luxury,213
Sedan,4,Comfort,187
Auto,4,Economy,178
Mini,3,Economy,65
Sedan,8,Comfort,119
Sedan,6,Comfort,104
Electric,4,Comfort,249
SUV,3,Premium,187
SUV,3,Premium,45
Van,3,Luxury,156
Mini,4,Economy,55
Van,3,Luxury,113
Luxury,6,Luxury,132
SUV,7,Premium,196
Mini,4,Economy,24
Van,7,Luxury,108
Auto,5,Economy,60
SUV,3,Premium,22
Premium,8,Premium,32
Premium,8,Premium,108
Auto,3,Economy,109
Electric,3,Comfort,217
Auto,8,Economy,161
Auto,5,Economy,208
SUV,5,Premium,80
Luxury,7,Luxury,234
Luxury,6,Luxury,188
Auto,3,Economy,170
Van,5,Luxury,239
Premium,4,Premium,34
Luxury,7,Luxury,217
Premium,3,Premium,56
Mini,8,Economy,83
Mini,7,Economy,209
SUV,3,Premium,148
SUV,4,Premium,162
Electric,3,Comfort,158
Van,6,Luxury,175
Auto,7,Economy,161
SUV,7,Premium,47
Sedan,5,Comfort,135
Luxury,8,Luxury,188
Electric,6,Comfort,236
Van,6,Luxury,250
Mini,4,Economy,102
Luxury,4,Luxury,153
Premium,4,Premium,216
SUV,6,Premium,241
Electric,3,Comfort,127
Premium,7,Premium,102
Luxury,4,Luxury,128
Van,6,Luxury,117
SUV,6,Premium,230
Van,4,Luxury,47
Premium,4,Premium,78
Sedan,8,Comfort,71
Sedan,3,Comfort,74
Sedan,8,Comfort,51
SUV,8,Premium,90
Sedan,5,Comfort,50
Luxury,7,Luxury,115
SUV,6,Premium,81
Van,3,Luxury,36
Mini,3,Economy,162
Mini,4,Economy,228
Electric,8,Comfort,27
Auto,4,Economy,101
Premium,3,Premium,203
Electric,5,Comfort,160
Electric,5,Comfort,162
Sedan,7,Comfort,231
Van,7,Luxury,65
Mini,3,Economy,99
Van,3,Luxury,242
Mini,7,Economy,134
Sedan,4,Comfort,112
Auto,4,Economy,239
Premium,6,Premium,209
Sedan,4,Comfort,201
Mini,8,Economy,235
Van,3,Luxury,102
Premium,4,Premium,170
Electric,4,Comfort,128
Premium,5,Premium,106
Auto,3,Economy,54
Mini,6,Economy,119
Van,4,Luxury,71
SUV,4,Premium,92
Luxury,3,Luxury,154
Electric,5,Comfort,202
Mini,5,Economy,161
Electric,6,Comfort,179
Premium,8,Premium,142
Mini,7,Economy,80
Luxury,6,Luxury,100
Mini,5,Economy,48
Mini,4,Economy,25
Sedan,4,Comfort,127
Premium,6,Premium,236
Luxury,3,Luxury,224
Luxury,4,Luxury,62
Sedan,6,Comfort,96
Luxury,7,Luxury,183
Sedan,6,Comfort,20
SUV,4,Premium,191
Van,8,Luxury,161
Mini,5,Economy,189
Electric,7,Comfort,160
SUV,6,Premium,131
Sedan,3,Comfort,39
Van,7,Luxury,224
Premium,4,Premium,24
Van,7,Luxury,157
Electric,5,Comfort,62
Sedan,4,Comfort,127
Luxury,5,Luxury,55
Auto,4,Economy,113
Auto,4,Economy,192
SUV,8,Premium,63
Electric,6,Comfort,24
Electric,3,Comfort,170
Sedan,8,Comfort,182
Mini,4,Economy,194
Van,4,Luxury,199
SUV,4,Premium,85
Mini,8,Economy,196
SUV,7,Premium,240
Mini,5,Economy,106
Sedan,3,Comfort,80
Luxury,8,Luxury,168
Sedan,8,Comfort,112
Auto,4,Economy,31
Luxury,8,Luxury,138
Electric,3,Comfort,201
Auto,3,Economy,127
Mini,3,Economy,199
Luxury,5,Luxury,196
Electric,4,Comfort,48
Luxury,5,Luxury,170
Mini,3,Economy,224
Mini,5,Economy,219
Luxury,4,Luxury,54
Van,3,Luxury,214
Auto,8,Economy,20
Premium,7,Premium,146
Luxury,6,Luxury,186
Mini,6,Economy,163
Van,3,Luxury,32
SUV,3,Premium,173
Sedan,3,Comfort,180
Mini,5,Economy,90
Sedan,3,Comfort,200
Premium,7,Premium,167
Mini,5,Economy,130
Electric,7,Comfort,228
Electric,3,Comfort,198
Electric,4,Comfort,184
Sedan,3,Comfort,173
Luxury,4,Luxury,118
Luxury,4,Luxury,177
Van,4,Luxury,129
Sedan,4,Comfort,150
Mini,7,Economy,239
Premium,7,Premium,54
SUV,5,Premium,79
Mini,6,Economy,113
Sedan,8,Comfort,131
Van,6,Luxury,179
Mini,3,Economy,191
Mini,4,Economy,211
SUV,7,Premium,203
Electric,6,Comfort,231
Mini,8,Economy,24
Auto,5,Economy,81
Auto,4,Economy,136
SUV,8,Premium,109
Electric,3,Comfort,220
Electric,4,Comfort,50
Electric,7,Comfort,31
Luxury,5,Luxury,248
Luxury,4,Luxury,219
Sedan,8,Comfort,199
Sedan,7,Comfort,34
Luxury,7,Luxury,47
Van,5,Luxury,41
Premium,7,Premium,86
Electric,3,Comfort,89
Mini,8,Economy,168
SUV,6,Premium,93
Mini,7,Economy,91
Electric,7,Comfort,209
Electric,3,Comfort,229
Van,7,Luxury,132
Auto,5,Economy,165
Mini,5,Economy,108
Auto,5,Economy,73
Auto,7,Economy,80
Electric,7,Comfort,242
Mini,6,Economy,161
Mini,3,Economy,59
SUV,7,Premium,247
Mini,5,Economy,58
Van,3,Luxury,166
Sedan,4,Comfort,143
Luxury,5,Luxury,215
SUV,5,Premium,117
Auto,3,Economy,168
Van,4,Luxury,96
SUV,4,Premium,98
Mini,4,Economy,232
SUV,4,Premium,188
Electric,4,Comfort,57
SUV,5,Premium,250
Van,3,Luxury,142
Electric,8,Comfort,51
Electric,7,Comfort,194
Van,6,Luxury,242
SUV,5,Premium,64
Auto,8,Economy,181
SUV,7,Premium,95
Electric,8,Comfort,238
Mini,4,Economy,94
Mini,3,Economy,204
Electric,6,Comfort,209
Van,6,Luxury,130
Sedan,5,Comfort,133
Luxury,4,Luxury,181
Sedan,5,Comfort,54
SUV,4,Premium,188
SUV,6,Premium,86
Luxury,3,Luxury,183
Mini,8,Economy,38
SUV,6,Premium,154
Electric,7,Comfort,203
Auto,3,Economy,76
Van,6,Luxury,108
Electric,4,Comfort,37
Auto,3,Economy,177
Van,4,Luxury,180
Auto,4,Economy,156
Mini,6,Economy,111
Electric,6,Comfort,51
Sedan,7,Comfort,89
Mini,8,Economy,190
Van,3,Luxury,65
SUV,7,Premium,163
Auto,3,Economy,177
Van,7,Luxury,54
SUV,4,Premium,81
Luxury,6,Luxury,135
SUV,8,Premium,164
SUV,8,Premium,63
Auto,5,Economy,86
Premium,7,Premium,236
Auto,7,Economy,126
Van,5,Luxury,249
Van,3,Luxury,22
Mini,8,Economy,52
Mini,4,Economy,202
Sedan,7,Comfort,166
Electric,8,Comfort,224
SUV,3,Premium,143
Electric,6,Comfort,240
Luxury,3,Luxury,82
Luxury,3,Luxury,237
Auto,4,Economy,104
Mini,6,Economy,52
Electric,5,Comfort,88
Sedan,6,Comfort,217
Van,5,Luxury,34
SUV,5,Premium,45
Luxury,4,Luxury,249
Auto,5,Economy,79
Van,7,Luxury,101
SUV,3,Premium,125
Luxury,4,Luxury,66
Van,6,Luxury,93
Premium,8,Premium,151
Van,8,Luxury,241
SUV,5,Premium,45
Van,3,Luxury,211
Premium,4,Premium,115
SUV,8,Premium,157
Van,8,Luxury,74
Van,8,Luxury,175
Auto,5,Economy,176
Van,8,Luxury,60
Sedan,6,Comfort,77
SUV,3,Premium,229
Mini,6,Economy,26
Sedan,4,Comfort,116
Electric,5,Comfort,100
Luxury,8,Luxury,221
SUV,6,Premium,138
Mini,3,Economy,140
Auto,5,Economy,155
Sedan,6,Comfort,179
Van,6,Luxury,142
Sedan,6,Comfort,187
Auto,7,Economy,67
Electric,8,Comfort,234
SUV,3,Premium,218
SUV,7,Premium,211
SUV,6,Premium,52
Van,3,Luxury,160
Premium,8,Premium,248
SUV,3,Premium,192
SUV,4,Premium,199
Auto,3,Economy,98
SUV,4,Premium,138
Auto,8,Economy,225
Electric,8,Comfort,173
Electric,5,Comfort,213
Luxury,6,Luxury,114
Electric,4,Comfort,70
Mini,8,Economy,100
SUV,7,Premium,124
Van,8,Luxury,46
Sedan,6,Comfort,25
Auto,7,Economy,177
Auto,7,Economy,209
Electric,8,Comfort,113
Sedan,6,Comfort,64
Premium,5,Premium,205
Luxury,7,Luxury,74
Sedan,3,Comfort,225
Mini,7,Economy,121
Mini,8,Economy,151
Mini,6,Economy,118
Premium,6,Premium,96
Sedan,6,Comfort,222
Premium,7,Premium,234
Electric,7,Comfort,26
Premium,7,Premium,38
Premium,6,Premium,64
Luxury,7,Luxury,93
Electric,4,Comfort,201
Sedan,8,Comfort,135
Sedan,3,Comfort,166
Electric,3,Comfort,25
Auto,3,Economy,35
Electric,6,Comfort,97
Premium,7,Premium,32
Mini,8,Economy,143
SUV,8,Premium,109
Mini,4,Economy,49
Luxury,8,Luxury,231
Mini,8,Economy,78
Premium,3,Premium,139
Sedan,7,Comfort,242
Van,5,Luxury,215
Electric,3,Comfort,145
Premium,5,Premium,42
Sedan,4,Comfort,217
Electric,6,Comfort,184
Van,7,Luxury,242
Auto,5,Economy,105
Luxury,3,Luxury,175
SUV,8,Premium,41
Mini,8,Economy,70
SUV,6,Premium,52
Van,4,Luxury,111
Mini,3,Economy,226
Luxury,4,Luxury,21
SUV,3,Premium,181
Van,7,Luxury,230
Luxury,3,Luxury,203
Auto,3,Economy,115
Sedan,3,Comfort,62
Auto,3,Economy,99
Mini,5,Economy,198
Auto,4,Economy,22
Luxury,6,Luxury,157
Premium,3,Premium,152
Auto,4,Economy,135
Mini,7,Economy,148
Van,6,Luxury,198
Mini,4,Economy,31
Mini,6,Economy,37
Van,8,Luxury,38
Auto,5,Economy,141
SUV,3,Premium,164
SUV,6,Premium,209
Van,7,Luxury,234
SUV,3,Premium,157
SUV,5,Premium,234
Auto,5,Economy,78
Mini,7,Economy,58
Auto,4,Economy,47
Auto,7,Economy,225
SUV,3,Premium,47
Luxury,6,Luxury,225
Mini,3,Economy,108
Sedan,6,Comfort,77
Mini,6,Economy,173
Electric,3,Comfort,103
Van,8,Luxury,56
Auto,5,Economy,244
SUV,5,Premium,78
Luxury,8,Luxury,123
Electric,3,Comfort,176
Auto,8,Economy,37
Luxury,8,Luxury,223
Electric,6,Comfort,45
Auto,8,Economy,228
Auto,4,Economy,61
Van,5,Luxury,170
Premium,8,Premium,172
Premium,3,Premium,62
Auto,7,Economy,106
Sedan,5,Comfort,90
Mini,6,Economy,209
Auto,3,Economy,95
Auto,8,Economy,200
Premium,7,Premium,76
SUV,7,Premium,116
Auto,4,Economy,164
Electric,4,Comfort,40
Mini,5,Economy,143
Mini,8,Economy,109
Luxury,7,Luxury,46
Auto,4,Economy,146
Auto,5,Economy,184
Electric,4,Comfort,150
Van,8,Luxury,205
Electric,7,Comfort,213
Electric,5,Comfort,124
Sedan,4,Comfort,111
Luxury,4,Luxury,96
Mini,3,Economy,129
Electric,8,Comfort,122
Van,3,Luxury,45
Auto,6,Economy,34
Electric,6,Comfort,174
Sedan,3,Comfort,120
Electric,7,Comfort,117
Van,3,Luxury,160
Luxury,4,Luxury,129
Mini,4,Economy,205
Electric,4,Comfort,208
Auto,3,Economy,143
Premium,7,Premium,70
Mini,4,Economy,171
Luxury,4,Luxury,22
Luxury,5,Luxury,133
Premium,8,Premium,56
Van,4,Luxury,77
Van,4,Luxury,41
Electric,3,Comfort,122
Auto,7,Economy,249
Sedan,8,Comfort,38
SUV,3,Premium,211
Electric,7,Comfort,152
SUV,4,Premium,128
SUV,8,Premium,82
Electric,8,Comfort,58
Auto,3,Economy,197
Van,4,Luxury,185
Sedan,3,Comfort,97
Electric,3,Comfort,194
Van,3,Luxury,72
Sedan,6,Comfort,68
Luxury,7,Luxury,45
Van,3,Luxury,131
Luxury,4,Luxury,209
Luxury,4,Luxury,217
Mini,4,Economy,176
Van,6,Luxury,115
Electric,5,Comfort,108
Electric,7,Comfort,158
Electric,4,Comfort,51
Sedan,4,Comfort,227
Van,3,Luxury,95
Electric,4,Comfort,31
Auto,3,Economy,207
Mini,6,Economy,21
SUV,4,Premium,163
Mini,6,Economy,83
Electric,8,Comfort,242
Van,6,Luxury,98
Sedan,7,Comfort,130
Van,4,Luxury,158
SUV,7,Premium,120
Luxury,7,Luxury,179
Electric,4,Comfort,212
Mini,5,Economy,23
Mini,8,Economy,47
Van,7,Luxury,174
Premium,3,Premium,160
Auto,5,Economy,21
Van,3,Luxury,178
Mini,6,Economy,241
Luxury,3,Luxury,41
SUV,3,Premium,233
Van,4,Luxury,232
Mini,8,Economy,71
SUV,7,Premium,39
Auto,3,Economy,34
SUV,7,Premium,58
Auto,6,Economy,54
Van,5,Luxury,247
Sedan,7,Comfort,21
Auto,6,Economy,159
Van,7,Luxury,96
Luxury,3,Luxury,120
Premium,5,Premium,48
Mini,7,Economy,248
Mini,6,Economy,120
Electric,3,Comfort,187
SUV,4,Premium,152
Electric,3,Comfort,204
Mini,3,Economy,45
Electric,4,Comfort,243
Sedan,3,Comfort,63
SUV,3,Premium,183
Van,4,Luxury,28
Premium,4,Premium,124
Sedan,3,Comfort,105
Sedan,7,Comfort,58
Premium,4,Premium,213
Sedan,6,Comfort,231
Mini,7,Economy,23
Mini,3,Economy,109
Sedan,3,Comfort,182
Van,6,Luxury,72
Mini,4,Economy,108
SUV,3,Premium,101
Auto,3,Economy,144
Electric,7,Comfort,43
Luxury,6,Luxury,204
Premium,8,Premium,200
Auto,5,Economy,193
SUV,3,Premium,248
Electric,3,Comfort,31
Sedan,6,Comfort,156
Auto,6,Economy,198
Sedan,4,Comfort,205
Electric,4,Comfort,166
SUV,3,Premium,75
Electric,5,Comfort,122
Premium,7,Premium,241
Electric,4,Comfort,146
Van,6,Luxury,71
Van,4,Luxury,144
Auto,5,Economy,147
Van,3,Luxury,29
Electric,5,Comfort,157
Mini,3,Economy,55
Van,7,Luxury,63
Luxury,4,Luxury,54
Electric,5,Comfort,93
SUV,7,Premium,212
Mini,4,Economy,185
Auto,4,Economy,133
Luxury,5,Luxury,233
Premium,7,Premium,207
SUV,5,Premium,90
Premium,5,Premium,98
Mini,8,Economy,88
Auto,7,Economy,220
Van,8,Luxury,197
Sedan,7,Comfort,81
Premium,8,Premium,163
Sedan,3,Comfort,79
Van,3,Luxury,109
Sedan,3,Comfort,189
Electric,3,Comfort,125
Van,7,Luxury,223
Sedan,3,Comfort,249
Premium,7,Premium,184
SUV,4,Premium,89
Luxury,3,Luxury,108
Van,4,Luxury,117
SUV,4,Premium,66
Van,7,Luxury,53
Auto,8,Economy,61
Auto,7,Economy,197
Premium,6,Premium,228
Auto,5,Economy,124
Premium,8,Premium,217
Van,7,Luxury,242
Auto,7,Economy,126
Auto,7,Economy,168
Van,7,Luxury,146
Mini,3,Economy,26
Luxury,4,Luxury,230
Auto,6,Economy,43
Premium,6,Premium,62
Van,8,Luxury,69
Premium,6,Premium,49
SUV,3,Premium,249
Premium,8,Premium,162
Premium,6,Premium,71
Mini,7,Economy,87
Sedan,8,Comfort,99
Auto,3,Economy,181
SUV,3,Premium,131
Luxury,6,Luxury,241
Mini,7,Economy,193
Electric,5,Comfort,149
Luxury,3,Luxury,86
SUV,3,Premium,89
Premium,8,Premium,117
Mini,4,Economy,159
Electric,5,Comfort,143
Auto,7,Economy,121
Electric,7,Comfort,110
SUV,8,Premium,28
Luxury,6,Luxury,225
Electric,5,Comfort,116
Sedan,7,Comfort,192
Van,4,Luxury,33
Van,5,Luxury,152
Electric,4,Comfort,173
SUV,4,Premium,85
Luxury,8,Luxury,96
Electric,8,Comfort,57
Van,4,Luxury,30
Electric,8,Comfort,225
Electric,6,Comfort,156
Van,8,Luxury,238
Luxury,7,Luxury,144
Van,6,Luxury,142
Sedan,5,Comfort,20
Mini,8,Economy,27
SUV,4,Premium,86
Van,3,Luxury,21
Sedan,3,Comfort,144
Van,8,Luxury,167
SUV,6,Premium,219
Sedan,7,Comfort,158
Sedan,4,Comfort,74
Electric,6,Comfort,209
Mini,6,Economy,73
Sedan,6,Comfort,55
Van,4,Luxury,227
Luxury,8,Luxury,20
Premium,3,Premium,162
Mini,3,Economy,115
Electric,6,Comfort,48
Auto,4,Economy,45
Sedan,6,Comfort,121
Electric,3,Comfort,205
Auto,5,Economy,191
Auto,6,Economy,135
Premium,6,Premium,43
SUV,7,Premium,22
Luxury,8,Luxury,53
Auto,6,Economy,142
SUV,8,Premium,192
SUV,3,Premium,62
Van,8,Luxury,39
Auto,5,Economy,44
Luxury,4,Luxury,49
Premium,5,Premium,250
Luxury,4,Luxury,117
Mini,5,Economy,130
Auto,6,Economy,247
Mini,6,Economy,195
Mini,8,Economy,31
Electric,6,Comfort,148
Premium,5,Premium,135
Auto,4,Economy,82
Mini,6,Economy,223
Premium,7,Premium,151
SUV,4,Premium,179
Premium,8,Premium,199
Electric,3,Comfort,151
Premium,5,Premium,56
Van,5,Luxury,67
Auto,4,Economy,180
SUV,5,Premium,226
Mini,3,Economy,196
Auto,4,Economy,213
Luxury,3,Luxury,217
Auto,5,Economy,100
Premium,7,Premium,108
Mini,7,Economy,77
Electric,5,Comfort,144
SUV,4,Premium,30
Premium,7,Premium,127
Sedan,5,Comfort,211
Auto,3,Economy,28
Auto,5,Economy,31
Premium,4,Premium,21
Sedan,5,Comfort,42
Auto,7,Economy,150
Sedan,4,Comfort,127
Mini,8,Economy,142
SUV,5,Premium,85
Van,7,Luxury,139
Auto,5,Economy,204
Sedan,4,Comfort,101
Van,4,Luxury,54
Premium,5,Premium,239
Luxury,7,Luxury,199
Van,6,Luxury,45
Premium,7,Premium,164
Auto,3,Economy,176
Van,5,Luxury,73
SUV,8,Premium,220
Sedan,7,Comfort,71
Electric,7,Comfort,101
Auto,4,Economy,226
Van,3,Luxury,55
Van,7,Luxury,37
Premium,5,Premium,138
Auto,8,Economy,145
Van,7,Luxury,133
Sedan,4,Comfort,83
Van,5,Luxury,42
Sedan,8,Comfort,99
SUV,6,Premium,242
Premium,3,Premium,68
SUV,4,Premium,39
Premium,4,Premium,237
Premium,6,Premium,85
Luxury,5,Luxury,124
Van,4,Luxury,38
Auto,8,Economy,127
Luxury,4,Luxury,61
Van,6,Luxury,86
Electric,4,Comfort,140
Van,8,Luxury,93
Premium,5,Premium,47
SUV,8,Premium,246
Electric,3,Comfort,156
Auto,7,Economy,203
Van,8,Luxury,194
Luxury,7,Luxury,206
SUV,5,Premium,82
Mini,5,Economy,74
SUV,3,Premium,242
Premium,6,Premium,103
SUV,3,Premium,86
Van,7,Luxury,105
Premium,3,Premium,124
Van,7,Luxury,61
Auto,8,Economy,47
Luxury,6,Luxury,74
Luxury,5,Luxury,134
Mini,6,Economy,87
Luxury,3,Luxury,211
SUV,6,Premium,197
Auto,6,Economy,174
Auto,4,Economy,72
Electric,6,Comfort,151
Van,4,Luxury,54
SUV,8,Premium,20
Electric,8,Comfort,218
Luxury,4,Luxury,232
SUV,4,Premium,189
Mini,8,Economy,160
Van,4,Luxury,103
Auto,3,Economy,30
Mini,4,Economy,153
Sedan,8,Comfort,49
Auto,4,Economy,248
Van,6,Luxury,230
Electric,5,Comfort,158
Electric,4,Comfort,163
Premium,8,Premium,250
Electric,6,Comfort,96
Luxury,4,Luxury,238
Luxury,3,Luxury,75
Premium,7,Premium,225
Electric,3,Comfort,57
Auto,5,Economy,124
Premium,3,Premium,203
Electric,7,Comfort,170
SUV,7,Premium,135
Luxury,5,Luxury,151
Luxury,4,Luxury,43
Van,7,Luxury,70
Mini,5,Economy,131
Mini,4,Economy,113
Auto,4,Economy,227
Premium,3,Premium,66
Sedan,7,Comfort,248
Mini,5,Economy,78
Luxury,8,Luxury,198
SUV,3,Premium,221
SUV,5,Premium,118
Van,3,Luxury,62
Van,6,Luxury,153
Luxury,7,Luxury,30
Sedan,3,Comfort,100
Electric,5,Comfort,72
SUV,8,Premium,34
Premium,3,Premium,192
Premium,3,Premium,32
Luxury,4,Luxury,49
Electric,4,Comfort,61
Premium,3,Premium,153
Electric,8,Comfort,218
Sedan,4,Comfort,53
Electric,5,Comfort,164
Van,5,Luxury,249
Mini,5,Economy,212
Luxury,3,Luxury,249
Van,7,Luxury,89
Electric,4,Comfort,130
Premium,6,Premium,239
SUV,3,Premium,125
Luxury,4,Luxury,192
Premium,8,Premium,139
Sedan,8,Comfort,191
Premium,3,Premium,148
Mini,8,Economy,177
Premium,4,Premium,94
Sedan,6,Comfort,62
Sedan,8,Comfort,37
Mini,8,Economy,200
Auto,7,Economy,146
Luxury,8,Luxury,37
SUV,7,Premium,89
Luxury,5,Luxury,54
Electric,3,Comfort,230
Sedan,8,Comfort,167
Luxury,5,Luxury,110
Luxury,7,Luxury,172
Premium,8,Premium,211
Premium,3,Premium,126
Auto,4,Economy,144
Premium,6,Premium,88
Electric,5,Comfort,94
Premium,8,Premium,184
Electric,8,Comfort,114
Electric,8,Comfort,245
Mini,6,Economy,194
SUV,7,Premium,146
Auto,7,Economy,204
Mini,8,Economy,85
Van,4,Luxury,99
Sedan,6,Comfort,142
Van,6,Luxury,58
Electric,7,Comfort,130
Auto,6,Economy,97
Mini,6,Economy,92
Electric,8,Comfort,152
Luxury,4,Luxury,67
SUV,4,Premium,157
Sedan,4,Comfort,64
Luxury,4,Luxury,171
Auto,5,Economy,119
Auto,6,Economy,42
Sedan,6,Comfort,64
Luxury,6,Luxury,183
Electric,4,Comfort,157
Luxury,6,Luxury,99
Sedan,4,Comfort,249
Van,4,Luxury,50
Electric,3,Comfort,97
Luxury,3,Luxury,48
Electric,8,Comfort,147
Premium,4,Premium,184
Premium,8,Premium,159
Premium,8,Premium,120
Van,6,Luxury,176
Van,6,Luxury,138
Sedan,7,Comfort,203
SUV,5,Premium,219
Luxury,4,Luxury,184
Auto,7,Economy,44
Sedan,6,Comfort,223
Mini,4,Economy,209
Mini,4,Economy,89
Sedan,6,Comfort,193
Auto,8,Economy,129
Luxury,8,Luxury,227
Luxury,8,Luxury,109
Auto,3,Economy,232
Sedan,7,Comfort,148
Luxury,7,Luxury,35
Sedan,8,Comfort,38
SUV,3,Premium,218
Electric,5,Comfort,70
Mini,5,Economy,246
Auto,6,Economy,25
Van,8,Luxury,200
SUV,6,Premium,198
Electric,6,Comfort,57
Premium,3,Premium,221
SUV,5,Premium,235
Luxury,3,Luxury,129
Van,7,Luxury,146
Mini,3,Economy,206
Premium,5,Premium,237
SUV,6,Premium,150
Premium,4,Premium,155
Van,4,Luxury,226
Van,3,Luxury,84
Premium,7,Premium,220
Mini,8,Economy,137
Premium,3,Premium,175
Premium,7,Premium,60
Electric,3,Comfort,58
Sedan,3,Comfort,165
Sedan,3,Comfort,40
Mini,4,Economy,117
Electric,4,Comfort,140
Van,4,Luxury,111
Luxury,5,Luxury,52
SUV,5,Premium,190
Auto,5,Economy,61
Mini,6,Economy,46
Electric,4,Comfort,64
Van,3,Luxury,103
Van,3,Luxury,158
Premium,7,Premium,216
Mini,7,Economy,131
Sedan,8,Comfort,45
Sedan,6,Comfort,223
Electric,7,Comfort,168
Premium,8,Premium,237
Mini,6,Economy,174
Premium,6,Premium,217
Electric,7,Comfort,37
Van,8,Luxury,187
Auto,3,Economy,52
Luxury,5,Luxury,202
SUV,6,Premium,177
Electric,5,Comfort,219
Premium,3,Premium,167
Premium,4,Premium,116
Sedan,6,Comfort,216
Sedan,8,Comfort,184
Van,3,Luxury,50
Premium,4,Premium,168
Mini,8,Economy,164
Sedan,7,Comfort,248
Van,6,Luxury,204
Sedan,3,Comfort,217
Sedan,4,Comfort,126
Premium,8,Premium,66
Auto,5,Economy,71
Auto,7,Economy,109
Luxury,5,Luxury,37
Electric,5,Comfort,157
Electric,4,Comfort,120
Premium,4,Premium,231
Mini,6,Economy,161
Electric,7,Comfort,82
Sedan,6,Comfort,72
Mini,4,Economy,229
Auto,8,Economy,42
Van,8,Luxury,169
Mini,3,Economy,130
Van,4,Luxury,157
Auto,8,Economy,46
Electric,3,Comfort,100
Sedan,3,Comfort,79
Auto,8,Economy,175
Luxury,7,Luxury,98
Luxury,4,Luxury,132
Auto,5,Economy,115
Electric,6,Comfort,100
Premium,5,Premium,20
Sedan,3,Comfort,104
SUV,4,Premium,44
Van,3,Luxury,167
Luxury,6,Luxury,228
SUV,6,Premium,234
Sedan,4,Comfort,181
Auto,6,Economy,154
Auto,7,Economy,229
Electric,8,Comfort,195
Van,6,Luxury,129
Electric,5,Comfort,113
Mini,3,Economy,160
Sedan,3,Comfort,187
Auto,4,Economy,141
SUV,6,Premium,226
Van,7,Luxury,192
Luxury,3,Luxury,81
Mini,5,Economy,62
Electric,8,Comfort,220
Sedan,6,Comfort,120
Van,8,Luxury,85
Sedan,4,Comfort,218
Luxury,8,Luxury,181
SUV,6,Premium,143
Auto,7,Economy,245
Mini,7,Economy,218
Sedan,7,Comfort,79
Electric,6,Comfort,193
Mini,5,Economy,157
Luxury,3,Luxury,41
Sedan,3,Comfort,202
Luxury,7,Luxury,50
Mini,5,Economy,89
Van,6,Luxury,151
Premium,6,Premium,238
Auto,3,Economy,146
Premium,3,Premium,245
SUV,6,Premium,66
Electric,4,Comfort,119
SUV,7,Premium,226
Electric,8,Comfort,22
Luxury,3,Luxury,206
Sedan,4,Comfort,168
Van,3,Luxury,143
Luxury,7,Luxury,77
Electric,7,Comfort,145
SUV,4,Premium,203
Sedan,4,Comfort,134
Electric,6,Comfort,190
Premium,7,Premium,34
Electric,3,Comfort,44
Mini,5,Economy,186
Van,5,Luxury,26
SUV,3,Premium,193
Auto,3,Economy,192
Auto,3,Economy,126
Van,5,Luxury,54
Mini,6,Economy,103
SUV,6,Premium,38
Van,3,Luxury,103
SUV,3,Premium,136
Premium,7,Premium,131
Luxury,8,Luxury,20
Sedan,3,Comfort,39
Sedan,4,Comfort,25
Premium,6,Premium,103
Mini,7,Economy,215
Van,6,Luxury,150
Luxury,8,Luxury,218
Auto,4,Economy,170
Van,5,Luxury,167
Mini,5,Economy,223
Luxury,8,Luxury,169
Electric,7,Comfort,95
Mini,8,Economy,168
Luxury,8,Luxury,198
Luxury,8,Luxury,160
Auto,5,Economy,157
Mini,3,Economy,78
Premium,7,Premium,89
Auto,7,Economy,130
Sedan,6,Comfort,178
Auto,8,Economy,30
Sedan,8,Comfort,158
Mini,8,Economy,100
Auto,7,Economy,42
SUV,6,Premium,209
Electric,7,Comfort,160
SUV,8,Premium,115
Van,7,Luxury,37
Van,6,Luxury,52
Luxury,3,Luxury,46
Luxury,5,Luxury,160
Electric,4,Comfort,173
SUV,3,Premium,206
Luxury,5,Luxury,196
Luxury,4,Luxury,59
Mini,4,Economy,222
Sedan,4,Comfort,159
Sedan,6,Comfort,88
Auto,7,Economy,31
SUV,7,Premium,110
SUV,6,Premium,233
Luxury,4,Luxury,63
SUV,6,Premium,63
Premium,5,Premium,46
SUV,6,Premium,143
Premium,7,Premium,46
Luxury,8,Luxury,209
Sedan,3,Comfort,234
Electric,6,Comfort,111
Sedan,5,Comfort,121
SUV,3,Premium,232
Sedan,5,Comfort,95
Sedan,7,Comfort,33
Luxury,7,Luxury,70
Sedan,6,Comfort,207
Van,6,Luxury,94
Electric,5,Comfort,101
Premium,4,Premium,122
Premium,8,Premium,198
Van,3,Luxury,233
SUV,8,Premium,197
Auto,5,Economy,243
Sedan,8,Comfort,104
Van,5,Luxury,125
SUV,3,Premium,213
Electric,7,Comfort,161
Luxury,3,Luxury,211
Sedan,4,Comfort,213
Sedan,8,Comfort,92
Luxury,5,Luxury,178
Van,4,Luxury,225
Electric,3,Comfort,152
SUV,8,Premium,239
Electric,8,Comfort,209
Electric,4,Comfort,79
Mini,4,Economy,34
Auto,3,Economy,145
Auto,6,Economy,226
Van,6,Luxury,221
Electric,5,Comfort,147
SUV,7,Premium,206
SUV,4,Premium,235
SUV,5,Premium,214
Auto,7,Economy,25
Auto,6,Economy,138
Sedan,3,Comfort,21
Luxury,8,Luxury,35
Auto,5,Economy,208
Auto,7,Economy,203
Electric,4,Comfort,163
Auto,6,Economy,56
Premium,6,Premium,161
Mini,3,Economy,94
Auto,6,Economy,177
SUV,8,Premium,63
Sedan,3,Comfort,222
Premium,6,Premium,162
SUV,4,Premium,228
Sedan,3,Comfort,190
Premium,3,Premium,197
SUV,4,Premium,79
Auto,3,Economy,22
SUV,7,Premium,221
Sedan,4,Comfort,96
Sedan,5,Comfort,232
Premium,8,Premium,188
Auto,3,Economy,237
Auto,4,Economy,177
Electric,3,Comfort,122
Van,5,Luxury,70
Auto,8,Economy,28
Sedan,8,Comfort,248
Auto,3,Economy,236
Auto,6,Economy,163
Mini,4,Economy,155
Auto,3,Economy,49
Luxury,5,Luxury,180
Premium,8,Premium,223
Electric,4,Comfort,217
Auto,3,Economy,169
Electric,4,Comfort,69
Sedan,8,Comfort,240
Auto,3,Economy,233
SUV,6,Premium,103
Mini,3,Economy,151
Auto,4,Economy,69
Auto,3,Economy,65
Auto,6,Economy,40
Mini,3,Economy,221
Premium,4,Premium,29
Sedan,4,Comfort,150
Mini,8,Economy,97
Premium,8,Premium,43
Premium,4,Premium,77
Premium,7,Premium,144
Luxury,4,Luxury,180
Sedan,5,Comfort,198
Sedan,6,Comfort,98
Mini,8,Economy,107
Premium,4,Premium,221
Van,6,Luxury,60
Electric,4,Comfort,30
Electric,8,Comfort,61
Sedan,6,Comfort,85
Electric,8,Comfort,131
Electric,5,Comfort,239
Auto,4,Economy,75
Sedan,8,Comfort,144
Van,6,Luxury,67
Electric,6,Comfort,168
Premium,3,Premium,69
Auto,5,Economy,220
Mini,3,Economy,183
Mini,3,Economy,207
Electric,5,Comfort,103
Luxury,7,Luxury,55
SUV,3,Premium,62
Premium,3,Premium,55
Sedan,8,Comfort,137
Electric,3,Comfort,31
Luxury,7,Luxury,178
SUV,6,Premium,45
Luxury,6,Luxury,69
Electric,7,Comfort,214
Electric,5,Comfort,103
Mini,3,Economy,124
Mini,8,Economy,174
SUV,7,Premium,61
Mini,8,Economy,37
Luxury,7,Luxury,65
Van,8,Luxury,68
Auto,8,Economy,24
Luxury,3,Luxury,71
Mini,5,Economy,178
Mini,5,Economy,128
SUV,6,Premium,155
Luxury,4,Luxury,114
Premium,6,Premium,142
Electric,5,Comfort,233
Mini,6,Economy,189
Premium,6,Premium,59
Premium,6,Premium,146
Sedan,7,Comfort,122
Auto,7,Economy,97
Premium,5,Premium,102
Electric,5,Comfort,186
Mini,7,Economy,116
Auto,8,Economy,150
SUV,6,Premium,71
Premium,3,Premium,127
Sedan,4,Comfort,94
SUV,5,Premium,90
Mini,4,Economy,202
Mini,6,Economy,212
SUV,8,Premium,229
Auto,3,Economy,35
Electric,7,Comfort,234
Sedan,6,Comfort,59
Sedan,5,Comfort,33
Luxury,3,Luxury,152
Sedan,6,Comfort,103
SUV,7,Premium,180
Van,5,Luxury,209
Premium,6,Premium,152
Auto,3,Economy,71
SUV,4,Premium,35
Electric,8,Comfort,226
Van,7,Luxury,58
Auto,3,Economy,161
SUV,5,Premium,64
Auto,4,Economy,191
Mini,8,Economy,74
Luxury,4,Luxury,57
Luxury,8,Luxury,230
Luxury,8,Luxury,33
SUV,7,Premium,144
Premium,6,Premium,230
Electric,4,Comfort,221
Van,8,Luxury,55
Auto,3,Economy,123
Luxury,8,Luxury,115
Auto,5,Economy,37
Sedan,8,Comfort,170
Electric,7,Comfort,65
Van,8,Luxury,75
Van,8,Luxury,146
Electric,7,Comfort,189
Luxury,5,Luxury,201
Sedan,7,Comfort,71
Luxury,6,Luxury,38
Luxury,6,Luxury,94
Auto,5,Economy,37
SUV,5,Premium,86
Sedan,5,Comfort,219
Luxury,7,Luxury,153
Luxury,6,Luxury,90
Mini,7,Economy,31
Premium,6,Premium,35
Sedan,6,Comfort,182
Mini,4,Economy,167
Auto,8,Economy,90
SUV,6,Premium,105
Electric,3,Comfort,218
Sedan,7,Comfort,129
Van,5,Luxury,226
Sedan,3,Comfort,131
Premium,4,Premium,178
Mini,7,Economy,158
SUV,7,Premium,38
Luxury,6,Luxury,217
Auto,4,Economy,245
Premium,8,Premium,58
Electric,4,Comfort,249
Premium,3,Premium,100
Premium,7,Premium,169
Van,5,Luxury,46
Luxury,6,Luxury,191
Van,6,Luxury,121
SUV,4,Premium,83
Premium,3,Premium,127
Sedan,7,Comfort,148
Luxury,8,Luxury,176
SUV,8,Premium,154
Auto,8,Economy,36
Sedan,5,Comfort,196
SUV,3,Premium,144
Electric,6,Comfort,224
Auto,4,Economy,120
Van,5,Luxury,235
Premium,4,Premium,237
Auto,3,Economy,224
SUV,8,Premium,157
Mini,5,Economy,136
Auto,6,Economy,159
Van,6,Luxury,215
Auto,5,Economy,83
Mini,7,Economy,245
Electric,8,Comfort,200
Mini,5,Economy,240
Mini,7,Economy,116
Sedan,7,Comfort,41
Mini,6,Economy,148
Electric,4,Comfort,66
Mini,8,Economy,87
Auto,7,Economy,200
Van,6,Luxury,25
Van,4,Luxury,144
Van,4,Luxury,176
Mini,8,Economy,229
Sedan,7,Comfort,185
Electric,5,Comfort,169
Electric,6,Comfort,82
Van,3,Luxury,95
Premium,3,Premium,168
Auto,6,Economy,219
Premium,5,Premium,177
Auto,6,Economy,129
Electric,6,Comfort,250
Electric,4,Comfort,132
Auto,5,Economy,170
Mini,6,Economy,200
Mini,6,Economy,24
Sedan,4,Comfort,113
Van,3,Luxury,127
SUV,7,Premium,87
Electric,6,Comfort,134
Mini,7,Economy,76
Luxury,4,Luxury,73
Electric,3,Comfort,70
Premium,3,Premium,43
Mini,5,Economy,105
Auto,8,Economy,213
Electric,7,Comfort,130
Luxury,8,Luxury,243
Mini,3,Economy,28
Luxury,7,Luxury,120
Sedan,5,Comfort,244
Electric,5,Comfort,142
SUV,4,Premium,58
Electric,5,Comfort,209
Premium,6,Premium,72
Luxury,4,Luxury,141
SUV,6,Premium,225
SUV,4,Premium,239
Premium,5,Premium,113
Sedan,6,Comfort,156
Electric,3,Comfort,159
Auto,8,Economy,201
Van,4,Luxury,65
Van,6,Luxury,100
Auto,3,Economy,243
Auto,4,Economy,82
Luxury,6,Luxury,94
Mini,3,Economy,106
Sedan,7,Comfort,134
Luxury,4,Luxury,113
Luxury,7,Luxury,229
Luxury,5,Luxury,74
Electric,7,Comfort,233
Sedan,7,Comfort,80
SUV,6,Premium,38
Van,5,Luxury,151
Auto,5,Economy,28
Electric,5,Comfort,248
Electric,5,Comfort,109
Electric,5,Comfort,23
Auto,7,Economy,56
Sedan,5,Comfort,99
Sedan,7,Comfort,191
Van,8,Luxury,68
Sedan,6,Comfort,77
Mini,3,Economy,241
SUV,5,Premium,235
Auto,6,Economy,67
Electric,3,Comfort,124
Van,5,Luxury,20
Luxury,6,Luxury,109
Van,8,Luxury,34
SUV,4,Premium,112
Mini,7,Economy,107
Van,3,Luxury,177
Electric,6,Comfort,167
Luxury,8,Luxury,138
Electric,3,Comfort,106
Sedan,8,Comfort,51
Electric,6,Comfort,127
Auto,6,Economy,132
Electric,8,Comfort,213
Luxury,8,Luxury,110
Sedan,5,Comfort,113
Sedan,4,Comfort,116
Auto,6,Economy,239
SUV,6,Premium,134
Electric,7,Comfort,218
Auto,5,Economy,159
Van,3,Luxury,108
Van,5,Luxury,76
Van,7,Luxury,89
Luxury,6,Luxury,200
Auto,3,Economy,89
Sedan,7,Comfort,191
Auto,4,Economy,30
Premium,5,Premium,224
Sedan,6,Comfort,70
Luxury,6,Luxury,189
SUV,7,Premium,123
Premium,3,Premium,200
Electric,4,Comfort,138
Auto,3,Economy,84
Sedan,6,Comfort,168
Mini,6,Economy,228
Sedan,4,Comfort,100
Luxury,8,Luxury,213
Van,4,Luxury,157
SUV,4,Premium,149
SUV,8,Premium,182
Electric,7,Comfort,111
Sedan,4,Comfort,101
Sedan,6,Comfort,161
Mini,4,Economy,169
Auto,7,Economy,110
Auto,6,Economy,122
Mini,7,Economy,69
Mini,8,Economy,49
Auto,6,Economy,29
Premium,4,Premium,105
Auto,7,Economy,179
Premium,5,Premium,217
Van,4,Luxury,149
Premium,7,Premium,200
Van,7,Luxury,63
Sedan,3,Comfort,20
SUV,6,Premium,171
Sedan,6,Comfort,110
Sedan,4,Comfort,64
Premium,5,Premium,243
Luxury,7,Luxury,68
Premium,5,Premium,142
Electric,6,Comfort,239
Electric,8,Comfort,48
Mini,6,Economy,22
Premium,4,Premium,233
Luxury,3,Luxury,92
Van,3,Luxury,225
Premium,6,Premium,100
Auto,4,Economy,239
Auto,7,Economy,73
Auto,7,Economy,157
Luxury,8,Luxury,158
SUV,3,Premium,168
Luxury,8,Luxury,221
Auto,7,Economy,248
Van,7,Luxury,217
Sedan,3,Comfort,243
Sedan,3,Comfort,52
Electric,3,Comfort,90
Luxury,3,Luxury,203
Auto,8,Economy,235
SUV,6,Premium,210
Auto,4,Economy,244
SUV,5,Premium,60
SUV,6,Premium,225
Auto,3,Economy,66
Sedan,5,Comfort,82
Premium,8,Premium,84
Mini,3,Economy,225
Luxury,4,Luxury,71
SUV,5,Premium,37
SUV,5,Premium,128
Premium,5,Premium,119
SUV,3,Premium,45
Sedan,7,Comfort,69
Premium,3,Premium,195
Premium,4,Premium,241
Premium,6,Premium,25
Sedan,4,Comfort,178
Luxury,7,Luxury,82
Mini,4,Economy,185
Van,8,Luxury,37
Sedan,8,Comfort,51
Auto,5,Economy,28
Mini,8,Economy,129
Electric,7,Comfort,41
Sedan,5,Comfort,69
Luxury,6,Luxury,90
Van,6,Luxury,216
Luxury,5,Luxury,166
Mini,6,Economy,156
Van,4,Luxury,233
Auto,3,Economy,152
Van,8,Luxury,227
Mini,5,Economy,37
Electric,4,Comfort,33
SUV,6,Premium,220
Premium,6,Premium,21
Premium,5,Premium,57
Auto,8,Economy,128
Mini,4,Economy,66
Luxury,7,Luxury,99
Premium,3,Premium,64
Luxury,4,Luxury,177
Van,7,Luxury,40
Auto,3,Economy,157
Mini,5,Economy,141
Luxury,6,Luxury,195
Mini,6,Economy,106
Mini,5,Economy,108
Sedan,6,Comfort,184
Mini,5,Economy,146
Mini,5,Economy,142
Luxury,8,Luxury,109
SUV,3,Premium,82
Sedan,4,Comfort,130
SUV,7,Premium,108
Mini,7,Economy,148
Van,6,Luxury,80
Sedan,3,Comfort,193
Mini,6,Economy,87
Premium,7,Premium,89
Van,3,Luxury,108
Electric,5,Comfort,21
SUV,8,Premium,51
SUV,6,Premium,155
SUV,8,Premium,102
Van,5,Luxury,189
Auto,6,Economy,90
Mini,7,Economy,136
Mini,4,Economy,242
Sedan,5,Comfort,47
Luxury,3,Luxury,149
Auto,5,Economy,109
SUV,8,Premium,120
SUV,7,Premium,218
Van,8,Luxury,242
Auto,8,Economy,180
Van,8,Luxury,218
Van,5,Luxury,97
Mini,4,Economy,84
Auto,7,Economy,190
Van,4,Luxury,140
SUV,4,Premium,118
Luxury,8,Luxury,197
Auto,8,Economy,158
Auto,3,Economy,243
Sedan,3,Comfort,187
Electric,8,Comfort,66
Mini,8,Economy,42
Sedan,8,Comfort,37
Van,7,Luxury,156
Auto,8,Economy,177
SUV,3,Premium,195
Auto,5,Economy,115
SUV,5,Premium,187
Van,6,Luxury,49
Luxury,8,Luxury,30
Auto,3,Economy,186
Electric,6,Comfort,100
Sedan,7,Comfort,106
SUV,3,Premium,104
Sedan,8,Comfort,193
Electric,3,Comfort,248
Electric,8,Comfort,166
SUV,7,Premium,84
Van,5,Luxury,57
SUV,4,Premium,113
Sedan,5,Comfort,173
Luxury,7,Luxury,106
Sedan,5,Comfort,68
Luxury,6,Luxury,144
Luxury,6,Luxury,22
Premium,4,Premium,116
Premium,8,Premium,65
Auto,8,Economy,187
SUV,3,Premium,124
Mini,7,Economy,107
Electric,6,Comfort,88
Sedan,4,Comfort,34
Electric,5,Comfort,113
Luxury,5,Luxury,218
Sedan,7,Comfort,188
Sedan,3,Comfort,235
Electric,3,Comfort,130
Electric,7,Comfort,148
Electric,7,Comfort,205
Auto,6,Economy,237
Electric,6,Comfort,140
Luxury,6,Luxury,91
Auto,5,Economy,188
Van,5,Luxury,243
Premium,5,Premium,50
Sedan,3,Comfort,106
SUV,7,Premium,159
Electric,7,Comfort,81
Luxury,7,Luxury,38
SUV,8,Premium,132
SUV,4,Premium,246
Sedan,5,Comfort,206
Mini,3,Economy,196
SUV,6,Premium,178
Van,4,Luxury,129
Premium,6,Premium,125
Auto,6,Economy,35
Auto,3,Economy,124
Van,6,Luxury,181
Van,7,Luxury,115
SUV,6,Premium,165
SUV,5,Premium,161
Luxury,5,Luxury,202
Electric,4,Comfort,33
Premium,3,Premium,62
Mini,8,Economy,107
Sedan,8,Comfort,113
Luxury,8,Luxury,228
Luxury,5,Luxury,236
Premium,6,Premium,138
Sedan,7,Comfort,46
Mini,5,Economy,45
SUV,6,Premium,130
SUV,7,Premium,163
Van,3,Luxury,64
Premium,8,Premium,210
Luxury,6,Luxury,119
Premium,5,Premium,56
Electric,4,Comfort,215
Van,5,Luxury,166
Electric,8,Comfort,245
Premium,4,Premium,93
Van,3,Luxury,109
Premium,8,Premium,66
Premium,6,Premium,152
Luxury,3,Luxury,144
Premium,7,Premium,211
SUV,8,Premium,20
Mini,5,Economy,44
Van,3,Luxury,126
Luxury,7,Luxury,78
Van,8,Luxury,104
Sedan,3,Comfort,112
Mini,4,Economy,135
Mini,3,Economy,218
Auto,4,Economy,100
Premium,5,Premium,164
Premium,8,Premium,220
SUV,3,Premium,117
Luxury,5,Luxury,246
Electric,6,Comfort,38
SUV,4,Premium,88
Premium,4,Premium,122
Premium,5,Premium,211
Mini,7,Economy,247
Mini,8,Economy,170
Electric,7,Comfort,106
SUV,5,Premium,29
Mini,4,Economy,244
Sedan,6,Comfort,127
SUV,6,Premium,97
Mini,7,Economy,41
Mini,3,Economy,188
Luxury,6,Luxury,78
Sedan,4,Comfort,28
Auto,4,Economy,235
Sedan,6,Comfort,123
Sedan,5,Comfort,171
Van,4,Luxury,172
Premium,3,Premium,189
Mini,5,Economy,169
Mini,6,Economy,128
Sedan,5,Comfort,221
SUV,6,Premium,233
Van,5,Luxury,53
Mini,8,Economy,201
Van,8,Luxury,61
SUV,4,Premium,212
Premium,7,Premium,223
Auto,7,Economy,138
Sedan,6,Comfort,80
Van,5,Luxury,29
Sedan,6,Comfort,49
SUV,3,Premium,71
Mini,5,Economy,219
Van,8,Luxury,250
Premium,3,Premium,218
Auto,4,Economy,78
Premium,7,Premium,108
Electric,7,Comfort,25
SUV,7,Premium,150
Premium,3,Premium,58
Premium,6,Premium,92
Luxury,4,Luxury,224
Sedan,5,Comfort,81
Van,7,Luxury,104
SUV,7,Premium,87
Premium,8,Premium,148
Premium,8,Premium,187
Sedan,5,Comfort,137
Mini,8,Economy,71
Sedan,3,Comfort,241
Sedan,7,Comfort,38
Luxury,7,Luxury,141
SUV,8,Premium,192
Sedan,3,Comfort,99
SUV,5,Premium,27
Van,6,Luxury,23
Van,4,Luxury,162
Mini,4,Economy,36
Auto,8,Economy,174
SUV,5,Premium,118
Premium,4,Premium,30
Auto,4,Economy,123
SUV,6,Premium,246
Sedan,6,Comfort,200
Auto,5,Economy,131
Mini,4,Economy,200
SUV,4,Premium,71
SUV,4,Premium,173
Premium,4,Premium,244
Auto,8,Economy,122
Van,7,Luxury,127
Electric,4,Comfort,199
Luxury,6,Luxury,67
Electric,7,Comfort,184
Auto,7,Economy,157
Sedan,8,Comfort,133
Auto,8,Economy,25
Electric,3,Comfort,138
Auto,5,Economy,86
Luxury,3,Luxury,239
Van,7,Luxury,78
SUV,4,Premium,196
SUV,4,Premium,187
Sedan,4,Comfort,26
Sedan,8,Comfort,89
Mini,3,Economy,158
SUV,6,Premium,93
Sedan,6,Comfort,145
SUV,7,Premium,149
Auto,3,Economy,109
Auto,7,Economy,52
Electric,7,Comfort,224
Mini,8,Economy,97
Van,5,Luxury,67
Electric,5,Comfort,160
SUV,4,Premium,114
Van,5,Luxury,172
Auto,3,Economy,174
Electric,4,Comfort,212
Van,4,Luxury,77
Electric,5,Comfort,139
Luxury,8,Luxury,155
Electric,6,Comfort,193
Mini,3,Economy,231
Luxury,8,Luxury,54
Mini,5,Economy,133
Electric,5,Comfort,246
Luxury,3,Luxury,47
Sedan,3,Comfort,88
Auto,4,Economy,105
Mini,8,Economy,21
Luxury,6,Luxury,187
Premium,3,Premium,103
SUV,6,Premium,213
Premium,8,Premium,108
Electric,3,Comfort,232
Sedan,8,Comfort,163
Premium,7,Premium,225
Premium,5,Premium,69
Van,6,Luxury,92
Electric,3,Comfort,56
Electric,6,Comfort,139
Auto,4,Economy,183
Mini,6,Economy,38
Premium,8,Premium,79
Premium,3,Premium,92
Auto,4,Economy,230
Mini,6,Economy,179
Van,6,Luxury,197
SUV,5,Premium,50
Electric,4,Comfort,78
Luxury,5,Luxury,77
SUV,4,Premium,79
Van,4,Luxury,38
Premium,6,Premium,154
Electric,6,Comfort,227
Luxury,6,Luxury,74
SUV,7,Premium,136
Van,8,Luxury,187
Mini,5,Economy,40
Sedan,5,Comfort,125
Auto,5,Economy,45
Mini,7,Economy,34
Luxury,7,Luxury,247
SUV,4,Premium,46
Luxury,4,Luxury,100
Luxury,5,Luxury,231
Auto,4,Economy,200
Premium,3,Premium,144
Electric,4,Comfort,65
SUV,3,Premium,179
Premium,8,Premium,40
Premium,4,Premium,87
Van,7,Luxury,45
Van,5,Luxury,46
Auto,3,Economy,185
Electric,6,Comfort,57
Electric,4,Comfort,195
Premium,7,Premium,71
Sedan,6,Comfort,46
Mini,4,Economy,133
Van,7,Luxury,133
Luxury,5,Luxury,69
Van,7,Luxury,214
Electric,4,Comfort,165
Sedan,4,Comfort,229
Mini,3,Economy,247
Van,7,Luxury,56
Luxury,4,Luxury,205
Premium,4,Premium,94
SUV,7,Premium,82
Premium,6,Premium,106
SUV,8,Premium,156
Auto,6,Economy,145
Auto,8,Economy,137
Electric,8,Comfort,156
SUV,4,Premium,35
Auto,8,Economy,146
Luxury,7,Luxury,107
SUV,3,Premium,219
Van,3,Luxury,177
Sedan,4,Comfort,137
SUV,8,Premium,56
Mini,5,Economy,56
Sedan,3,Comfort,57
Auto,3,Economy,165
Mini,6,Economy,122
Luxury,3,Luxury,206
Auto,4,Economy,199
Auto,5,Economy,217
Luxury,3,Luxury,63
Premium,5,Premium,82
Mini,5,Economy,41
Van,5,Luxury,136
SUV,3,Premium,80
Premium,7,Premium,64
Electric,4,Comfort,77
Mini,5,Economy,153
Electric,6,Comfort,103
Electric,6,Comfort,183
Van,4,Luxury,222
Premium,3,Premium,219
Luxury,5,Luxury,100
Electric,7,Comfort,72
Luxury,3,Luxury,200
Electric,5,Comfort,114
Premium,5,Premium,215
Mini,6,Economy,248
Van,6,Luxury,90
Mini,7,Economy,107
Electric,3,Comfort,170
Sedan,4,Comfort,21
Van,7,Luxury,71
Van,4,Luxury,125
Luxury,7,Luxury,225
Auto,3,Economy,166
Luxury,6,Luxury,195
Sedan,5,Comfort,153
Van,3,Luxury,188
Luxury,4,Luxury,185
Auto,7,Economy,87
Luxury,4,Luxury,239
Premium,6,Premium,242
Electric,4,Comfort,28
Van,5,Luxury,177
Mini,5,Economy,205
SUV,4,Premium,35
Sedan,4,Comfort,221
SUV,4,Premium,209
Electric,3,Comfort,78
Sedan,6,Comfort,153
Sedan,8,Comfort,167
Sedan,5,Comfort,89
Auto,3,Economy,208
Premium,5,Premium,76
Auto,7,Economy,185
Premium,8,Premium,174
Mini,7,Economy,52
Mini,5,Economy,93
Auto,8,Economy,236
Luxury,7,Luxury,161
Luxury,3,Luxury,127
Auto,7,Economy,100
Sedan,5,Comfort,54
Luxury,8,Luxury,133
SUV,4,Premium,121
Sedan,7,Comfort,91
Mini,5,Economy,81
Van,5,Luxury,72
Luxury,7,Luxury,161
Sedan,3,Comfort,181
SUV,8,Premium,205
Luxury,3,Luxury,133
Premium,6,Premium,28
Premium,8,Premium,150
Luxury,3,Luxury,171
Auto,3,Economy,129
Sedan,7,Comfort,58
Auto,8,Economy,128
Mini,4,Economy,57
Premium,7,Premium,98
SUV,6,Premium,90
Auto,8,Economy,71
Luxury,3,Luxury,206
Electric,8,Comfort,224
Sedan,4,Comfort,191
Sedan,3,Comfort,26
Mini,8,Economy,234
Sedan,7,Comfort,32
Van,4,Luxury,247
Auto,6,Economy,156
Sedan,5,Comfort,152
SUV,7,Premium,191
Luxury,6,Luxury,194
Electric,6,Comfort,130
Sedan,7,Comfort,32
Sedan,5,Comfort,152
Luxury,5,Luxury,70
Premium,4,Premium,90
Mini,7,Economy,167
Mini,6,Economy,52
Luxury,8,Luxury,53
Sedan,6,Comfort,61
Sedan,6,Comfort,23
Premium,4,Premium,38
Auto,4,Economy,119
SUV,6,Premium,215
Auto,3,Economy,102
Electric,8,Comfort,135
Van,7,Luxury,66
SUV,6,Premium,127
Mini,7,Economy,187
Van,5,Luxury,197
Sedan,8,Comfort,227
Auto,6,Economy,155
SUV,3,Premium,168
Sedan,4,Comfort,144
Auto,5,Economy,126
Van,7,Luxury,80
Sedan,6,Comfort,76
SUV,7,Premium,227
SUV,3,Premium,203
Luxury,3,Luxury,132
SUV,5,Premium,93
Electric,3,Comfort,242
Electric,8,Comfort,248
SUV,7,Premium,169
Mini,4,Economy,73
SUV,7,Premium,54
Premium,3,Premium,52
Auto,7,Economy,222
Van,8,Luxury,240
Luxury,7,Luxury,65
SUV,7,Premium,91
Electric,8,Comfort,23
Auto,7,Economy,146
Luxury,3,Luxury,108
Van,7,Luxury,117
Mini,7,Economy,180
Electric,6,Comfort,187
Auto,8,Economy,137
SUV,8,Premium,240
Premium,3,Premium,210
Premium,4,Premium,51
Electric,7,Comfort,89
Mini,5,Economy,44
Luxury,6,Luxury,40
SUV,7,Premium,203
Luxury,7,Luxury,109
Auto,4,Economy,101
Sedan,6,Comfort,203
Luxury,6,Luxury,58
Van,3,Luxury,178
SUV,8,Premium,209
SUV,7,Premium,201
Electric,8,Comfort,80
SUV,3,Premium,237
Van,6,Luxury,123
Luxury,3,Luxury,87
Electric,3,Comfort,67
SUV,3,Premium,237
Luxury,8,Luxury,117
Premium,5,Premium,94
Auto,7,Economy,48
Sedan,6,Comfort,20
SUV,7,Premium,51
Mini,5,Economy,125
Mini,7,Economy,232
Luxury,3,Luxury,201
Sedan,7,Comfort,202
Sedan,6,Comfort,120
Van,5,Luxury,100
Sedan,8,Comfort,83
Mini,5,Economy,239
Premium,8,Premium,181
Mini,7,Economy,172
Sedan,5,Comfort,162
Premium,4,Premium,242
Mini,4,Economy,38
Premium,7,Premium,164
Premium,6,Premium,211
Van,3,Luxury,193
SUV,3,Premium,200
Mini,4,Economy,130
Mini,4,Economy,54
Luxury,3,Luxury,100
Mini,8,Economy,169
SUV,5,Premium,37
Van,4,Luxury,170
Premium,3,Premium,115
Mini,5,Economy,194
Electric,6,Comfort,82
Luxury,7,Luxury,211
Van,4,Luxury,165
Auto,7,Economy,162
Electric,8,Comfort,223
Luxury,4,Luxury,157
Van,4,Luxury,153
Luxury,7,Luxury,88
SUV,8,Premium,37
Electric,3,Comfort,172
SUV,8,Premium,166
Sedan,5,Comfort,24
Premium,4,Premium,236
Luxury,6,Luxury,127
Electric,6,Comfort,42
Mini,8,Economy,22
Sedan,6,Comfort,23
Van,8,Luxury,214
Premium,6,Premium,91
Auto,8,Economy,126
Van,6,Luxury,163
Auto,7,Economy,126
Van,5,Luxury,238
Mini,3,Economy,89
Electric,3,Comfort,205
Luxury,6,Luxury,249
Premium,6,Premium,205
Van,8,Luxury,80
Sedan,4,Comfort,204
Mini,3,Economy,189
Sedan,5,Comfort,98
Van,7,Luxury,166
SUV,6,Premium,179
Van,8,Luxury,47
Sedan,3,Comfort,27
Luxury,7,Luxury,23
Premium,4,Premium,86
Sedan,5,Comfort,207
Mini,8,Economy,61
Luxury,4,Luxury,23
Premium,5,Premium,220
Sedan,7,Comfort,146
Luxury,4,Luxury,30
Auto,8,Economy,188
Electric,5,Comfort,123
Premium,3,Premium,59
Luxury,4,Luxury,32
Premium,7,Premium,249
Sedan,8,Comfort,58
Luxury,8,Luxury,53
Van,5,Luxury,158
Premium,7,Premium,205
Premium,6,Premium,32
Premium,6,Premium,164
Auto,5,Economy,141
Electric,5,Comfort,157
Electric,4,Comfort,99
Van,6,Luxury,22
Sedan,6,Comfort,232
SUV,5,Premium,177
Auto,3,Economy,155
SUV,4,Premium,36
Premium,8,Premium,201
Sedan,3,Comfort,104
Van,7,Luxury,146
Auto,6,Economy,75
SUV,7,Premium,173
SUV,5,Premium,119
Mini,6,Economy,175
Van,6,Luxury,69
SUV,5,Premium,135
Premium,4,Premium,139
Mini,4,Economy,40
SUV,5,Premium,88
Sedan,7,Comfort,150
Auto,3,Economy,96
Auto,6,Economy,154
Auto,5,Economy,164
Premium,8,Premium,156
Van,8,Luxury,219
Auto,4,Economy,98
Van,7,Luxury,46
Electric,5,Comfort,130
Electric,4,Comfort,194
Van,6,Luxury,52
Mini,6,Economy,232
SUV,5,Premium,122
SUV,7,Premium,166
Mini,3,Economy,91
Premium,6,Premium,77
Auto,8,Economy,155
Van,7,Luxury,239
Sedan,5,Comfort,52
Luxury,8,Luxury,118
Auto,6,Economy,116
Luxury,5,Luxury,205
Luxury,7,Luxury,166
Mini,5,Economy,93
Premium,8,Premium,68
Premium,8,Premium,91
Luxury,5,Luxury,208
Mini,8,Economy,188
Mini,3,Economy,69
Electric,7,Comfort,40
Auto,7,Economy,138
Van,3,Luxury,157
Premium,8,Premium,168
Sedan,6,Comfort,143
Electric,5,Comfort,193
Van,6,Luxury,237
Premium,8,Premium,87
Auto,5,Economy,198
Luxury,4,Luxury,118
SUV,3,Premium,21
Electric,5,Comfort,248
SUV,7,Premium,154
SUV,4,Premium,128
Luxury,5,Luxury,170
Electric,4,Comfort,250
Auto,7,Economy,212
Mini,6,Economy,50
Van,6,Luxury,131
Mini,3,Economy,167
Auto,7,Economy,89
Luxury,6,Luxury,66
Auto,4,Economy,181
Van,4,Luxury,167
Auto,3,Economy,159
Luxury,8,Luxury,139
Electric,8,Comfort,123
Luxury,6,Luxury,92
Luxury,8,Luxury,81
Premium,6,Premium,244
Premium,3,Premium,190
SUV,6,Premium,29
Mini,4,Economy,67
Sedan,7,Comfort,132
Auto,4,Economy,172
SUV,7,Premium,27
Electric,7,Comfort,250
Premium,6,Premium,154
Mini,8,Economy,227
SUV,7,Premium,178
Sedan,4,Comfort,197
Sedan,6,Comfort,243
Premium,3,Premium,54
Luxury,3,Luxury,153
Auto,3,Economy,138
SUV,5,Premium,29
Mini,6,Economy,127
Electric,7,Comfort,97
Electric,8,Comfort,206
Luxury,8,Luxury,179
Premium,5,Premium,159
Sedan,5,Comfort,69
Auto,4,Economy,52
Luxury,4,Luxury,115
Luxury,8,Luxury,59
Electric,3,Comfort,167
Van,4,Luxury,155
SUV,6,Premium,173
SUV,8,Premium,146
Electric,5,Comfort,131
Auto,8,Economy,141
Mini,6,Economy,89
Luxury,8,Luxury,63
Premium,7,Premium,56
Van,3,Luxury,136
Sedan,5,Comfort,157
SUV,5,Premium,34
SUV,3,Premium,28
Auto,6,Economy,189
Sedan,7,Comfort,87
Electric,6,Comfort,226
Premium,5,Premium,50
Electric,8,Comfort,163
Van,7,Luxury,158
Auto,3,Economy,159
Sedan,3,Comfort,186
Van,4,Luxury,173
SUV,7,Premium,229
Van,8,Luxury,105
Luxury,7,Luxury,115
Premium,4,Premium,129
SUV,5,Premium,41
Mini,8,Economy,218
Mini,6,Economy,133
Sedan,6,Comfort,150
Premium,7,Premium,192
Premium,8,Premium,61
Sedan,6,Comfort,127
Van,7,Luxury,208
Sedan,6,Comfort,63
Premium,3,Premium,68
Auto,5,Economy,88
Sedan,8,Comfort,162
Luxury,6,Luxury,157
Sedan,7,Comfort,244
Van,7,Luxury,38
Mini,8,Economy,220
Auto,6,Economy,90
Van,8,Luxury,85
Premium,7,Premium,63
Premium,6,Premium,243
SUV,3,Premium,209
Sedan,6,Comfort,192
Electric,5,Comfort,31
Auto,3,Economy,96
Sedan,5,Comfort,31
Luxury,6,Luxury,166
Electric,6,Comfort,200
Luxury,5,Luxury,138
Luxury,4,Luxury,127
Mini,4,Economy,134
Electric,4,Comfort,178
Mini,8,Economy,151
Electric,3,Comfort,157
Electric,3,Comfort,46
SUV,4,Premium,54
Electric,4,Comfort,173
Sedan,5,Comfort,250
Van,5,Luxury,26
Auto,8,Economy,140
Mini,3,Economy,144
Electric,8,Comfort,31
Mini,7,Economy,236
SUV,3,Premium,223
Mini,5,Economy,199
Premium,8,Premium,128
Mini,6,Economy,36
Auto,4,Economy,213
Sedan,6,Comfort,76
Luxury,4,Luxury,213
Mini,3,Economy,106
SUV,6,Premium,135
Van,4,Luxury,104
Mini,8,Economy,220
Luxury,7,Luxury,101
Van,3,Luxury,89
SUV,3,Premium,211
Luxury,4,Luxury,157
Mini,7,Economy,188
Auto,4,Economy,148
Van,5,Luxury,81
Auto,7,Economy,225
Sedan,8,Comfort,161
Electric,3,Comfort,119
Mini,5,Economy,182
Luxury,5,Luxury,234
Premium,4,Premium,69
Sedan,5,Comfort,23
Auto,7,Economy,57
Electric,8,Comfort,147
Premium,6,Premium,25
Premium,6,Premium,176
Mini,7,Economy,173
Premium,4,Premium,199
SUV,7,Premium,217
Auto,3,Economy,137
Luxury,3,Luxury,246
Van,5,Luxury,198
Van,7,Luxury,48
Premium,5,Premium,67
SUV,5,Premium,70
Electric,3,Comfort,170
Van,6,Luxury,247
Premium,8,Premium,65
Auto,5,Economy,133
SUV,4,Premium,184
Electric,8,Comfort,226
Auto,8,Economy,240
Luxury,4,Luxury,160
Luxury,7,Luxury,102
SUV,3,Premium,110
Sedan,8,Comfort,160
Auto,4,Economy,89
Electric,3,Comfort,225
SUV,8,Premium,27
Auto,8,Economy,153
Electric,5,Comfort,197
Premium,6,Premium,234
Sedan,7,Comfort,30
Electric,5,Comfort,137
Mini,5,Economy,114
Premium,6,Premium,141
Sedan,4,Comfort,215
Electric,6,Comfort,163
Van,7,Luxury,75
Van,3,Luxury,183
Sedan,8,Comfort,180
Mini,8,Economy,26
Sedan,5,Comfort,211
Mini,7,Economy,203
Sedan,6,Comfort,134
Premium,6,Premium,147
SUV,8,Premium,238
Auto,7,Economy,96
Premium,8,Premium,77
Auto,4,Economy,109
SUV,5,Premium,174
SUV,7,Premium,145
Electric,8,Comfort,20
Sedan,6,Comfort,87
Luxury,6,Luxury,224
Luxury,6,Luxury,45
Electric,6,Comfort,95
Luxury,8,Luxury,245
Luxury,7,Luxury,220
Van,7,Luxury,126
Auto,6,Economy,193
SUV,3,Premium,63
Sedan,6,Comfort,140
Luxury,6,Luxury,111
Premium,7,Premium,150
Premium,7,Premium,124
Auto,8,Economy,140
SUV,4,Premium,47
Van,8,Luxury,48
Electric,5,Comfort,144
Luxury,5,Luxury,22
Mini,6,Economy,142
Van,7,Luxury,199
Premium,6,Premium,204
Electric,4,Comfort,222
Auto,4,Economy,99
Electric,3,Comfort,111
Premium,8,Premium,45
Mini,7,Economy,116
Sedan,4,Comfort,200
Auto,5,Economy,231
Mini,8,Economy,81
Electric,8,Comfort,210
Electric,7,Comfort,166
Electric,8,Comfort,187
Mini,6,Economy,162
SUV,8,Premium,183
Electric,7,Comfort,76
Premium,5,Premium,97
Auto,6,Economy,75
Auto,5,Economy,83
Sedan,6,Comfort,83
Sedan,4,Comfort,121
Van,4,Luxury,157
Premium,6,Premium,175
Mini,5,Economy,175
Luxury,7,Luxury,226
Sedan,5,Comfort,57
Sedan,4,Comfort,93
Auto,8,Economy,197
Premium,5,Premium,60
Auto,5,Economy,89
Van,3,Luxury,166
Mini,4,Economy,189
Premium,6,Premium,57
Auto,8,Economy,117
SUV,4,Premium,236
Mini,7,Economy,233
Electric,3,Comfort,213
Electric,8,Comfort,160
Premium,3,Premium,168
Luxury,7,Luxury,29
Premium,6,Premium,62
Luxury,8,Luxury,208
Van,6,Luxury,52
Auto,3,Economy,197
SUV,7,Premium,226
SUV,8,Premium,154
Mini,5,Economy,47
Luxury,7,Luxury,33
Premium,3,Premium,102
SUV,7,Premium,66
SUV,7,Premium,63
Premium,7,Premium,104
Luxury,6,Luxury,83
Luxury,5,Luxury,51
Van,4,Luxury,31
Van,8,Luxury,101
Auto,6,Economy,126
Premium,8,Premium,237
Electric,6,Comfort,97
Luxury,3,Luxury,133
Auto,5,Economy,47
Sedan,8,Comfort,180
Van,3,Luxury,231
SUV,5,Premium,56
Electric,3,Comfort,64
Luxury,3,Luxury,54
Sedan,4,Comfort,111
Electric,5,Comfort,79
SUV,3,Premium,141
Sedan,7,Comfort,135
Premium,8,Premium,77
Sedan,3,Comfort,97
Luxury,4,Luxury,108
Mini,5,Economy,207
Van,8,Luxury,109
Luxury,5,Luxury,225
Luxury,7,Luxury,234
Mini,4,Economy,33
Mini,5,Economy,164
SUV,7,Premium,243
Luxury,5,Luxury,43
Electric,3,Comfort,69
Auto,5,Economy,176
Premium,3,Premium,178
Luxury,4,Luxury,213
Sedan,5,Comfort,120
Luxury,5,Luxury,95
Premium,4,Premium,225
Sedan,7,Comfort,43
Premium,7,Premium,165
SUV,5,Premium,212
Mini,4,Economy,190
Van,6,Luxury,199
Premium,5,Premium,170
Premium,3,Premium,113
Auto,8,Economy,177
Auto,5,Economy,137
SUV,3,Premium,136
Electric,4,Comfort,192
Electric,7,Comfort,219
Van,3,Luxury,212
Luxury,4,Luxury,196
Sedan,3,Comfort,155
Electric,5,Comfort,167
SUV,8,Premium,88
Auto,7,Economy,172
Mini,8,Economy,245
Van,7,Luxury,241
Auto,5,Economy,246
Premium,4,Premium,77
Auto,6,Economy,161
Electric,3,Comfort,93
Sedan,7,Comfort,174
Luxury,8,Luxury,171
Luxury,5,Luxury,82
Sedan,6,Comfort,65
Sedan,5,Comfort,171
Luxury,6,Luxury,67
Auto,7,Economy,111
Van,8,Luxury,58
Sedan,5,Comfort,145
Auto,3,Economy,83
SUV,4,Premium,97
Mini,6,Economy,137
Van,8,Luxury,229
Auto,5,Economy,20
Van,5,Luxury,239
Mini,7,Economy,100
Mini,3,Economy,98
Sedan,4,Comfort,40
Auto,7,Economy,198
Sedan,8,Comfort,86
Premium,4,Premium,201
Auto,5,Economy,194
Premium,6,Premium,142
Sedan,8,Comfort,53
Mini,5,Economy,90
SUV,8,Premium,147
Auto,7,Economy,43
SUV,6,Premium,155
SUV,7,Premium,49
Van,7,Luxury,233
SUV,6,Premium,177
SUV,3,Premium,49
Van,7,Luxury,45
Electric,6,Comfort,102
Van,7,Luxury,160
Auto,5,Economy,145
Van,8,Luxury,60
Sedan,6,Comfort,74
Premium,5,Premium,216
Premium,3,Premium,60
Van,8,Luxury,167
Auto,4,Economy,197
Electric,8,Comfort,217
Auto,8,Economy,186
Van,8,Luxury,100
Sedan,6,Comfort,80
Electric,5,Comfort,133
Luxury,5,Luxury,164
Electric,5,Comfort,110
Premium,8,Premium,67
Sedan,4,Comfort,229
SUV,3,Premium,174
Mini,7,Economy,62
Electric,7,Comfort,160
SUV,5,Premium,218
SUV,6,Premium,186
SUV,6,Premium,150
Premium,3,Premium,248
SUV,8,Premium,166
Auto,3,Economy,63
Mini,4,Economy,37
SUV,6,Premium,63
Mini,8,Economy,142
Premium,5,Premium,250
Van,5,Luxury,224
Sedan,7,Comfort,192
Electric,3,Comfort,43
Sedan,8,Comfort,66
Auto,3,Economy,199
Electric,4,Comfort,68
Mini,7,Economy,136
Premium,7,Premium,196
Luxury,7,Luxury,69
SUV,4,Premium,109
Sedan,5,Comfort,174
Electric,8,Comfort,157
Electric,8,Comfort,235
Mini,3,Economy,156
Sedan,7,Comfort,184
Electric,3,Comfort,207
Sedan,3,Comfort,179
Van,8,Luxury,103
Auto,6,Economy,152
Premium,3,Premium,186
Electric,6,Comfort,118
Sedan,4,Comfort,102
Mini,6,Economy,188
Luxury,8,Luxury,42
Sedan,5,Comfort,173
Mini,6,Economy,23
Van,3,Luxury,204
Sedan,6,Comfort,92
Van,4,Luxury,28
SUV,7,Premium,69
Auto,3,Economy,204
Mini,6,Economy,154
Mini,7,Economy,201
Electric,7,Comfort,189
Premium,5,Premium,236
Van,7,Luxury,89
Mini,3,Economy,54
Auto,8,Economy,61
Electric,3,Comfort,228
Premium,8,Premium,138
Luxury,6,Luxury,47
Luxury,4,Luxury,173
Premium,7,Premium,182
Sedan,5,Comfort,113
SUV,3,Premium,34
Premium,5,Premium,180
Mini,5,Economy,124
Auto,3,Economy,136
Luxury,3,Luxury,153
Premium,7,Premium,202
Van,3,Luxury,55
Electric,3,Comfort,213
Electric,7,Comfort,33
Sedan,5,Comfort,60
Van,5,Luxury,120
Sedan,5,Comfort,125
Premium,4,Premium,199
SUV,3,Premium,72
Auto,7,Economy,24
Auto,3,Economy,68
Sedan,7,Comfort,103
SUV,4,Premium,126
Van,7,Luxury,209
Premium,6,Premium,25
Van,4,Luxury,170
Sedan,7,Comfort,69
Van,8,Luxury,46
Electric,3,Comfort,57
Sedan,6,Comfort,44
Van,5,Luxury,240
SUV,6,Premium,197
Luxury,8,Luxury,120
Van,5,Luxury,148
Premium,3,Premium,41
SUV,8,Premium,158
Sedan,4,Comfort,190
Electric,6,Comfort,226
Van,8,Luxury,67
Mini,5,Economy,246
SUV,5,Premium,98
SUV,6,Premium,89
Auto,7,Economy,74
Van,7,Luxury,60
Electric,3,Comfort,55
Auto,7,Economy,54
SUV,8,Premium,88
SUV,6,Premium,232
Auto,8,Economy,31
SUV,5,Premium,231
Van,6,Luxury,201
Auto,6,Economy,159
Mini,3,Economy,133
SUV,8,Premium,63
SUV,3,Premium,87
Mini,3,Economy,43
Mini,6,Economy,105
SUV,4,Premium,112
Sedan,5,Comfort,145
Luxury,6,Luxury,156
Auto,4,Economy,103
Electric,5,Comfort,172
Mini,3,Economy,145
SUV,6,Premium,188
Luxury,6,Luxury,87
Luxury,3,Luxury,239
Mini,4,Economy,234
SUV,7,Premium,248
SUV,5,Premium,248
SUV,6,Premium,61
Luxury,5,Luxury,187
Sedan,5,Comfort,114
Electric,3,Comfort,185
Electric,8,Comfort,67
Luxury,6,Luxury,246
SUV,4,Premium,188
Mini,5,Economy,34
Luxury,6,Luxury,88
Sedan,8,Comfort,32
Sedan,8,Comfort,214
Premium,5,Premium,216
Van,6,Luxury,49
Auto,5,Economy,203
Luxury,5,Luxury,41
Electric,6,Comfort,186
Van,5,Luxury,103
Sedan,5,Comfort,230
Luxury,8,Luxury,154
Van,4,Luxury,192
SUV,6,Premium,221
Electric,4,Comfort,69
Electric,4,Comfort,161
Auto,6,Economy,185
Van,5,Luxury,143
Mini,8,Economy,39
Electric,8,Comfort,138
Mini,7,Economy,78
Electric,6,Comfort,239
Electric,3,Comfort,88
Premium,6,Premium,68
Luxury,3,Luxury,175
SUV,7,Premium,157
Van,6,Luxury,26
Premium,6,Premium,205
Auto,8,Economy,208
Sedan,6,Comfort,175
Van,5,Luxury,91
Electric,7,Comfort,39
Premium,8,Premium,54
Van,8,Luxury,118
Auto,5,Economy,173
Mini,8,Economy,100
Luxury,4,Luxury,227
Luxury,6,Luxury,216
Sedan,8,Comfort,240
Van,7,Luxury,118
Mini,8,Economy,104
Sedan,3,Comfort,242
Sedan,8,Comfort,23
Auto,4,Economy,137
Luxury,4,Luxury,110
Van,8,Luxury,137
Premium,6,Premium,143
Luxury,8,Luxury,131
Auto,3,Economy,177
Van,6,Luxury,27
Electric,3,Comfort,146
SUV,4,Premium,245
Sedan,7,Comfort,227
Mini,4,Economy,69
Electric,7,Comfort,51
SUV,4,Premium,136
Mini,5,Economy,87
Luxury,7,Luxury,235
Electric,3,Comfort,36
SUV,5,Premium,132
SUV,4,Premium,51
Van,3,Luxury,29
Electric,7,Comfort,187
SUV,8,Premium,234
Van,3,Luxury,220
Electric,3,Comfort,33
SUV,6,Premium,86
Luxury,4,Luxury,141
Luxury,7,Luxury,134
SUV,6,Premium,132
SUV,4,Premium,142
Sedan,5,Comfort,186
Premium,8,Premium,200
Van,4,Luxury,100
Luxury,8,Luxury,146
Van,5,Luxury,224
Sedan,6,Comfort,140
Electric,7,Comfort,65
Mini,8,Economy,183
Luxury,4,Luxury,96
Van,4,Luxury,55
Auto,5,Economy,121
Premium,5,Premium,54
Luxury,6,Luxury,201
Luxury,4,Luxury,93
Sedan,7,Comfort,183
Mini,3,Economy,95
Mini,7,Economy,181
Premium,6,Premium,174
Electric,4,Comfort,49
Sedan,3,Comfort,199
Van,5,Luxury,28
Mini,3,Economy,180
Van,4,Luxury,53
Sedan,4,Comfort,150
Auto,7,Economy,30
Auto,5,Economy,70
Premium,7,Premium,129
Sedan,4,Comfort,50
Premium,7,Premium,60
Premium,4,Premium,168
Van,7,Luxury,35
Electric,6,Comfort,151
Premium,6,Premium,81
Sedan,3,Comfort,209
Sedan,6,Comfort,109
SUV,5,Premium,162
Auto,3,Economy,80
Van,8,Luxury,40
Van,3,Luxury,23
Luxury,4,Luxury,130
SUV,8,Premium,113
Luxury,6,Luxury,245
Mini,6,Economy,75
Van,5,Luxury,116
Auto,3,Economy,178
Auto,5,Economy,65
Electric,7,Comfort,122
Mini,4,Economy,96
SUV,3,Premium,202
SUV,5,Premium,237
Electric,6,Comfort,231
Sedan,8,Comfort,207
Luxury,4,Luxury,158
SUV,6,Premium,87
Electric,4,Comfort,211
Van,5,Luxury,193
Van,7,Luxury,47
SUV,4,Premium,42
Luxury,5,Luxury,108
Electric,8,Comfort,71
Luxury,3,Luxury,213
Mini,6,Economy,77
Luxury,4,Luxury,107
Van,4,Luxury,234
Mini,5,Economy,31
Van,4,Luxury,190
Sedan,6,Comfort,209
Luxury,3,Luxury,65
SUV,5,Premium,250
Auto,6,Economy,83
Mini,8,Economy,200
Electric,8,Comfort,97
Premium,6,Premium,122
Electric,3,Comfort,97
Premium,6,Premium,112
Premium,4,Premium,124
Van,7,Luxury,50
Auto,5,Economy,45
Mini,4,Economy,93
Premium,3,Premium,173
Van,8,Luxury,220
Mini,4,Economy,52
Auto,5,Economy,187
Electric,6,Comfort,234
Sedan,8,Comfort,108
Electric,7,Comfort,228
Luxury,5,Luxury,95
Luxury,8,Luxury,83
Sedan,3,Comfort,218
Auto,7,Economy,47
Electric,7,Comfort,175
Mini,3,Economy,244
Sedan,5,Comfort,117
Auto,7,Economy,169
Mini,4,Economy,121
Electric,4,Comfort,177
Auto,3,Economy,160
Electric,3,Comfort,157
Sedan,6,Comfort,101
Sedan,6,Comfort,188
Van,3,Luxury,197
Premium,8,Premium,245
Electric,7,Comfort,81
Premium,6,Premium,149
Premium,8,Premium,230
Van,7,Luxury,131
Electric,8,Comfort,77
Premium,5,Premium,223
Electric,5,Comfort,187
Sedan,7,Comfort,195
Luxury,4,Luxury,220
Electric,5,Comfort,34
Auto,5,Economy,97
Mini,5,Economy,138
Electric,3,Comfort,211
Mini,4,Economy,106
Luxury,4,Luxury,130
Van,5,Luxury,196
Premium,7,Premium,144
Van,8,Luxury,188
Van,5,Luxury,225
Mini,4,Economy,242
Sedan,4,Comfort,87
Electric,7,Comfort,43
Van,8,Luxury,137
Van,6,Luxury,169
Premium,4,Premium,56
Luxury,6,Luxury,196
SUV,3,Premium,137
SUV,5,Premium,163
Premium,5,Premium,108
Sedan,5,Comfort,193
Premium,6,Premium,38
Premium,3,Premium,84
SUV,5,Premium,70
SUV,4,Premium,219
Mini,6,Economy,154
Mini,4,Economy,217
Sedan,5,Comfort,99
Sedan,6,Comfort,135
Luxury,7,Luxury,250
Premium,4,Premium,51
Van,7,Luxury,175
SUV,7,Premium,167
Luxury,7,Luxury,109
SUV,4,Premium,107
Mini,6,Economy,36
Sedan,7,Comfort,218
Van,5,Luxury,148
Sedan,7,Comfort,51
Mini,6,Economy,136
Auto,3,Economy,136
Mini,7,Economy,33
SUV,7,Premium,200
Premium,7,Premium,177
Van,5,Luxury,194
Auto,5,Economy,48
Mini,5,Economy,81
Auto,4,Economy,218
SUV,6,Premium,128
SUV,3,Premium,67
Mini,3,Economy,22
Sedan,4,Comfort,176
Luxury,8,Luxury,83
Van,8,Luxury,187
Sedan,7,Comfort,206
SUV,7,Premium,101
Luxury,7,Luxury,66
Van,5,Luxury,206
SUV,8,Premium,72
Auto,6,Economy,236
Sedan,7,Comfort,121
Van,6,Luxury,27
Sedan,4,Comfort,158
Mini,4,Economy,50
Van,8,Luxury,167
Sedan,7,Comfort,124
Luxury,3,Luxury,181
Sedan,6,Comfort,37
Luxury,7,Luxury,123
Electric,5,Comfort,211
Premium,8,Premium,110
Van,3,Luxury,205
Van,8,Luxury,158
Luxury,4,Luxury,60
Premium,4,Premium,52
SUV,7,Premium,61
Van,7,Luxury,198
Van,6,Luxury,188
SUV,3,Premium,126
Sedan,4,Comfort,30
Auto,6,Economy,123
Van,8,Luxury,159
Luxury,5,Luxury,32
Luxury,5,Luxury,142
SUV,3,Premium,157
SUV,3,Premium,238
Electric,8,Comfort,32
Premium,8,Premium,76
Premium,4,Premium,197
Auto,8,Economy,80
Electric,8,Comfort,68
Mini,7,Economy,171
Mini,8,Economy,126
Premium,5,Premium,86
Van,7,Luxury,44
Sedan,8,Comfort,248
Electric,3,Comfort,88
Premium,7,Premium,233
Electric,6,Comfort,207
Van,6,Luxury,240
Mini,6,Economy,35
Mini,4,Economy,54
Electric,5,Comfort,171
SUV,6,Premium,191
Premium,4,Premium,92
Mini,6,Economy,234
Premium,7,Premium,48
Auto,7,Economy,199
Electric,7,Comfort,164
Mini,6,Economy,183
Electric,8,Comfort,113
Luxury,8,Luxury,216
Sedan,6,Comfort,154
Auto,5,Economy,222
Luxury,6,Luxury,222
Sedan,8,Comfort,93
SUV,6,Premium,142
Premium,7,Premium,144
Electric,7,Comfort,37
Sedan,4,Comfort,84
Premium,6,Premium,241
Van,3,Luxury,108
Sedan,8,Comfort,189
Luxury,3,Luxury,224
Electric,3,Comfort,86
Sedan,8,Comfort,78
Sedan,4,Comfort,123
Sedan,6,Comfort,59
Premium,4,Premium,184
Electric,7,Comfort,179
Sedan,4,Comfort,239
Sedan,5,Comfort,43
SUV,3,Premium,101
Electric,3,Comfort,103
Van,8,Luxury,186
Luxury,3,Luxury,179
Auto,6,Economy,157
Electric,7,Comfort,23
Electric,5,Comfort,103
Van,4,Luxury,22
Sedan,3,Comfort,134
Auto,4,Economy,62
Luxury,4,Luxury,64
SUV,7,Premium,169
Premium,6,Premium,89
Auto,7,Economy,149
Mini,5,Economy,173
Van,7,Luxury,201
Auto,3,Economy,135
SUV,6,Premium,63
SUV,7,Premium,220
Mini,8,Economy,202
Electric,4,Comfort,141
Premium,7,Premium,148
Sedan,3,Comfort,84
Van,5,Luxury,140
Electric,8,Comfort,125
Mini,4,Economy,165
Van,8,Luxury,138
Premium,6,Premium,119
Van,7,Luxury,96
Luxury,3,Luxury,107
Electric,8,Comfort,122
Luxury,8,Luxury,120
Van,8,Luxury,236
Mini,7,Economy,96
Auto,6,Economy,64
Premium,7,Premium,162
Auto,7,Economy,66
Electric,8,Comfort,63
Electric,7,Comfort,188
Auto,5,Economy,130
Van,6,Luxury,192
Auto,4,Economy,54
Electric,4,Comfort,146
Van,7,Luxury,241
Sedan,7,Comfort,224
Van,4,Luxury,202
Van,5,Luxury,71
Auto,5,Economy,46
Van,5,Luxury,212
SUV,4,Premium,64
SUV,8,Premium,64
Sedan,8,Comfort,157
Luxury,8,Luxury,189
Luxury,5,Luxury,93
Luxury,3,Luxury,70
Electric,5,Comfort,249
Sedan,5,Comfort,58
SUV,5,Premium,36
Luxury,4,Luxury,50
SUV,5,Premium,66
Electric,7,Comfort,91
Van,3,Luxury,28
Auto,3,Economy,231
Luxury,5,Luxury,222
Mini,3,Economy,77
SUV,8,Premium,167
Mini,4,Economy,130
Van,5,Luxury,119
Electric,5,Comfort,173
Electric,5,Comfort,232
Luxury,8,Luxury,198
Auto,4,Economy,227
Electric,8,Comfort,64
Van,8,Luxury,78
Electric,7,Comfort,209
SUV,7,Premium,35
Premium,3,Premium,43
Mini,8,Economy,109
Sedan,5,Comfort,58
Electric,5,Comfort,179
Electric,7,Comfort,64
Auto,6,Economy,117
SUV,7,Premium,62
Auto,3,Economy,196
Luxury,3,Luxury,139
Sedan,7,Comfort,134
Electric,3,Comfort,88
Electric,4,Comfort,100
Luxury,6,Luxury,107
Luxury,5,Luxury,243
SUV,3,Premium,123
Sedan,7,Comfort,122
Auto,8,Economy,119
Auto,5,Economy,111
Electric,5,Comfort,163
Auto,4,Economy,218
Luxury,6,Luxury,187
Premium,5,Premium,79
Sedan,8,Comfort,204
Premium,7,Premium,214
Luxury,6,Luxury,29
SUV,3,Premium,103
SUV,5,Premium,25
Premium,7,Premium,82
Luxury,3,Luxury,104
SUV,5,Premium,210
Luxury,5,Luxury,205
SUV,8,Premium,47
Van,8,Luxury,177
Electric,5,Comfort,168
Mini,3,Economy,244
Auto,4,Economy,113
Mini,7,Economy,176
Electric,7,Comfort,55
Mini,5,Economy,37
Electric,7,Comfort,117
Van,7,Luxury,243
SUV,8,Premium,100
Luxury,7,Luxury,138
Electric,8,Comfort,53
Sedan,5,Comfort,105
Auto,8,Economy,29
Van,7,Luxury,165
Sedan,7,Comfort,227
Sedan,3,Comfort,70
Van,3,Luxury,139
Luxury,8,Luxury,74
Premium,5,Premium,21
Sedan,5,Comfort,88
Luxury,4,Luxury,41
Premium,6,Premium,42
Premium,8,Premium,32
Van,4,Luxury,203
Luxury,4,Luxury,76
Van,5,Luxury,229
Auto,4,Economy,242
Electric,6,Comfort,201
Auto,5,Economy,162
Mini,8,Economy,43
Auto,5,Economy,88
Electric,5,Comfort,82
Electric,5,Comfort,199
Electric,5,Comfort,32
Sedan,8,Comfort,81
Electric,6,Comfort,84
Sedan,4,Comfort,148
Sedan,4,Comfort,148
Electric,7,Comfort,78
Electric,3,Comfort,188
Auto,3,Economy,209
SUV,8,Premium,233
Premium,7,Premium,232
Mini,6,Economy,239
SUV,7,Premium,190
Van,6,Luxury,213
Electric,3,Comfort,25
Mini,7,Economy,37
Electric,7,Comfort,196
Sedan,8,Comfort,225
Auto,4,Economy,233
Electric,7,Comfort,226
Sedan,5,Comfort,94
Sedan,3,Comfort,220
Luxury,3,Luxury,86
Auto,8,Economy,158
Van,4,Luxury,215
Mini,4,Economy,105
Electric,7,Comfort,104
Van,8,Luxury,44
Mini,8,Economy,200
Luxury,5,Luxury,243
Sedan,5,Comfort,104
Van,4,Luxury,205
Mini,8,Economy,156
Van,5,Luxury,119
Sedan,8,Comfort,184
Auto,4,Economy,135
Luxury,5,Luxury,177
Luxury,5,Luxury,143
Auto,5,Economy,97
Van,8,Luxury,110
Mini,3,Economy,227
Auto,5,Economy,225
Sedan,6,Comfort,171
Luxury,8,Luxury,135
SUV,7,Premium,73
SUV,3,Premium,29
Electric,7,Comfort,202
Sedan,6,Comfort,105
Auto,3,Economy,87
Mini,8,Economy,56
Electric,6,Comfort,139
Sedan,4,Comfort,181
SUV,8,Premium,230
Luxury,3,Luxury,82
Luxury,8,Luxury,239
Auto,3,Economy,115
SUV,6,Premium,45
Electric,5,Comfort,34
Electric,3,Comfort,191
Auto,3,Economy,97
SUV,3,Premium,235
Electric,3,Comfort,31
Electric,5,Comfort,162
Sedan,4,Comfort,211
Luxury,3,Luxury,221
Luxury,6,Luxury,48
Auto,4,Economy,33
Premium,4,Premium,119
Sedan,8,Comfort,81
Van,7,Luxury,71
Premium,8,Premium,230
Van,8,Luxury,86
Sedan,3,Comfort,59
Sedan,4,Comfort,193
Electric,5,Comfort,48
SUV,4,Premium,142
Premium,6,Premium,206
Van,6,Luxury,142
Electric,4,Comfort,139
Luxury,4,Luxury,88
Luxury,7,Luxury,99
Van,7,Luxury,200
Van,6,Luxury,67
Mini,3,Economy,220
Auto,8,Economy,91
Mini,8,Economy,120
Premium,4,Premium,118
Luxury,4,Luxury,106
Auto,5,Economy,30
SUV,5,Premium,188
SUV,7,Premium,62
Sedan,3,Comfort,33
Sedan,7,Comfort,116
Electric,7,Comfort,241
SUV,4,Premium,53
SUV,6,Premium,133
Electric,3,Comfort,185
Auto,4,Economy,194
Van,5,Luxury,148
Luxury,8,Luxury,199
Electric,3,Comfort,52
Van,4,Luxury,226
Sedan,3,Comfort,41
Electric,5,Comfort,243
Mini,8,Economy,69
Premium,8,Premium,222
Luxury,4,Luxury,179
Mini,8,Economy,181
Mini,7,Economy,102
Premium,8,Premium,33
Premium,6,Premium,233
Premium,3,Premium,91
Van,6,Luxury,144
Luxury,3,Luxury,42
Sedan,4,Comfort,64
Van,8,Luxury,79
Van,3,Luxury,101
Van,5,Luxury,146
Electric,7,Comfort,181
Mini,7,Economy,226
Luxury,6,Luxury,215
Auto,6,Economy,31
Sedan,5,Comfort,147
Mini,3,Economy,129
Van,6,Luxury,229
Luxury,5,Luxury,131
Premium,5,Premium,202
Luxury,7,Luxury,52
Van,6,Luxury,93
Van,3,Luxury,125
Electric,5,Comfort,23
Auto,7,Economy,55
Mini,5,Economy,128
Mini,7,Economy,232
Mini,5,Economy,34
Mini,3,Economy,119
Luxury,8,Luxury,186
Electric,5,Comfort,76
Van,4,Luxury,174
Premium,3,Premium,218
SUV,7,Premium,215
Premium,8,Premium,205
Van,6,Luxury,29
Van,3,Luxury,109
Van,8,Luxury,192
Electric,4,Comfort,147
Mini,7,Economy,217
Mini,8,Economy,25
SUV,3,Premium,230
Auto,8,Economy,38
Luxury,5,Luxury,57
Premium,8,Premium,185
Premium,7,Premium,31
Luxury,7,Luxury,143
Premium,4,Premium,40
Van,3,Luxury,225
Premium,5,Premium,138
SUV,7,Premium,57
Electric,8,Comfort,229
Mini,3,Economy,129
Premium,6,Premium,199
Electric,4,Comfort,121
Sedan,8,Comfort,190
Mini,3,Economy,178
Luxury,7,Luxury,62
Premium,6,Premium,235
Sedan,7,Comfort,134
Mini,4,Economy,30
Sedan,7,Comfort,124
Sedan,4,Comfort,180
Mini,7,Economy,128
Luxury,8,Luxury,198
Sedan,5,Comfort,82
Auto,8,Economy,94
Auto,3,Economy,87
Sedan,3,Comfort,157
Mini,8,Economy,92
SUV,6,Premium,34
Mini,3,Economy,109
Luxury,3,Luxury,199
Premium,8,Premium,69
Premium,7,Premium,187
Premium,8,Premium,247
Premium,5,Premium,246
Premium,4,Premium,103
Premium,4,Premium,162
Auto,8,Economy,194
Sedan,4,Comfort,32
Premium,5,Premium,239
Electric,7,Comfort,157
Electric,6,Comfort,125
SUV,4,Premium,202
Electric,3,Comfort,99
Mini,5,Economy,217
Auto,8,Economy,150
Luxury,4,Luxury,116
Mini,5,Economy,117
SUV,3,Premium,138
Electric,7,Comfort,28
Electric,3,Comfort,98
Premium,8,Premium,183
Mini,5,Economy,164
Auto,5,Economy,217
SUV,4,Premium,51
SUV,5,Premium,85
Electric,6,Comfort,64
Auto,4,Economy,130
Van,7,Luxury,27
SUV,8,Premium,20
Sedan,7,Comfort,172
Auto,5,Economy,250
Mini,4,Economy,107
Sedan,3,Comfort,210
Auto,4,Economy,106
Auto,7,Economy,211
Electric,5,Comfort,71
Electric,3,Comfort,183
SUV,4,Premium,104
Luxury,4,Luxury,172
Sedan,7,Comfort,101
Luxury,8,Luxury,120
SUV,3,Premium,190
Mini,5,Economy,225
Mini,5,Economy,152
Luxury,5,Luxury,166
Premium,6,Premium,165
Van,6,Luxury,160
Luxury,3,Luxury,153
Luxury,6,Luxury,235
SUV,5,Premium,130
SUV,4,Premium,71
Mini,5,Economy,200
Auto,3,Economy,153
Electric,8,Comfort,76
SUV,7,Premium,29
Electric,3,Comfort,71
SUV,8,Premium,108
Luxury,5,Luxury,90
Van,5,Luxury,193
Mini,6,Economy,108
Sedan,4,Comfort,148
SUV,8,Premium,185
Auto,5,Economy,151
Auto,8,Economy,215
Sedan,3,Comfort,80
Auto,6,Economy,62
SUV,5,Premium,203
Auto,8,Economy,76
Electric,5,Comfort,154
Premium,4,Premium,131
Mini,7,Economy,84
Premium,6,Premium,212
Premium,4,Premium,249
Electric,7,Comfort,156
Auto,4,Economy,48
Auto,5,Economy,216
Premium,7,Premium,166
Van,5,Luxury,25
Van,6,Luxury,160
Van,4,Luxury,104
Auto,5,Economy,174
Auto,8,Economy,148
Auto,5,Economy,94
Auto,4,Economy,220
Electric,8,Comfort,50
Sedan,6,Comfort,91
Mini,5,Economy,117
Auto,6,Economy,176
Luxury,5,Luxury,75
Auto,6,Economy,96
Auto,4,Economy,135
Luxury,4,Luxury,91
Electric,3,Comfort,156
Luxury,7,Luxury,246
SUV,6,Premium,165
SUV,4,Premium,234
Mini,3,Economy,141
Van,7,Luxury,68
Sedan,7,Comfort,199
Electric,6,Comfort,72
Van,3,Luxury,21
Luxury,7,Luxury,179
Mini,4,Economy,84
Electric,3,Comfort,71
Electric,6,Comfort,211
Van,5,Luxury,230
Van,8,Luxury,85
Sedan,6,Comfort,28
Auto,4,Economy,59
SUV,7,Premium,164
Van,5,Luxury,49
Premium,7,Premium,120
Premium,7,Premium,100
Van,4,Luxury,178
SUV,5,Premium,45
Van,5,Luxury,107
Luxury,3,Luxury,216
SUV,7,Premium,173
Mini,6,Economy,74
Luxury,8,Luxury,82
SUV,4,Premium,30
Auto,7,Economy,172
Premium,3,Premium,90
Mini,5,Economy,149
Sedan,6,Comfort,99
Sedan,5,Comfort,55
SUV,5,Premium,233
Mini,6,Economy,83
Premium,6,Premium,39
Electric,6,Comfort,70
Van,5,Luxury,43
Mini,5,Economy,162
Mini,5,Economy,217
Mini,5,Economy,108
Auto,8,Economy,148
Luxury,6,Luxury,199
Van,8,Luxury,132
Premium,6,Premium,163
SUV,5,Premium,63
Sedan,8,Comfort,200
Luxury,7,Luxury,126
Sedan,7,Comfort,225
Auto,5,Economy,104
Sedan,5,Comfort,113
Van,3,Luxury,170
Electric,6,Comfort,193
Van,5,Luxury,226
Mini,5,Economy,220
Electric,5,Comfort,152
Sedan,5,Comfort,189
SUV,4,Premium,148
Van,6,Luxury,115
Van,7,Luxury,221
Van,4,Luxury,222
Premium,3,Premium,98
Sedan,4,Comfort,41
Electric,5,Comfort,94
Sedan,5,Comfort,247
SUV,6,Premium,124
Premium,7,Premium,40
Auto,6,Economy,37
Sedan,8,Comfort,245
Electric,8,Comfort,123
Auto,7,Economy,159
Van,6,Luxury,95
Van,6,Luxury,156
Mini,5,Economy,147
Premium,3,Premium,33
Luxury,5,Luxury,156
Van,4,Luxury,37
Electric,5,Comfort,108
Electric,7,Comfort,244
Premium,7,Premium,158
Mini,7,Economy,245
Van,6,Luxury,140
Mini,7,Economy,176
Electric,5,Comfort,22
Luxury,3,Luxury,42
Auto,6,Economy,143
Electric,5,Comfort,72
Electric,7,Comfort,59
Luxury,5,Luxury,195
Auto,6,Economy,21
Electric,4,Comfort,131
Mini,4,Economy,141
Mini,7,Economy,67
Electric,4,Comfort,151
Auto,8,Economy,171
Electric,3,Comfort,112
SUV,4,Premium,202
Luxury,7,Luxury,152
Sedan,6,Comfort,205
Premium,8,Premium,126
Auto,4,Economy,217
Mini,7,Economy,109
Electric,3,Comfort,212
Mini,3,Economy,77
Mini,3,Economy,109
SUV,5,Premium,142
SUV,5,Premium,91
Sedan,4,Comfort,96
Premium,3,Premium,168
Sedan,5,Comfort,237
Electric,8,Comfort,51
SUV,3,Premium,210
Luxury,3,Luxury,40
Van,8,Luxury,32
Auto,5,Economy,177
Mini,8,Economy,89
Mini,7,Economy,86
Mini,4,Economy,130
Premium,7,Premium,125
Van,5,Luxury,112
Premium,4,Premium,32
Premium,6,Premium,193
Luxury,8,Luxury,190
Electric,4,Comfort,142
Sedan,6,Comfort,174
Van,7,Luxury,149
Sedan,4,Comfort,240
Premium,3,Premium,193
Luxury,5,Luxury,135
Sedan,6,Comfort,82
Van,8,Luxury,54
Auto,8,Economy,148
Premium,4,Premium,153
Van,7,Luxury,168
Mini,4,Economy,122
Premium,7,Premium,217
Van,8,Luxury,130
Auto,8,Economy,195
Van,6,Luxury,100
Electric,3,Comfort,195
Mini,6,Economy,103
Auto,6,Economy,60
Electric,4,Comfort,38
Mini,4,Economy,163
Electric,3,Comfort,73
Auto,7,Economy,72
Electric,4,Comfort,24
Premium,8,Premium,66
SUV,5,Premium,210
Sedan,3,Comfort,132
Auto,5,Economy,188
Van,6,Luxury,32
Premium,3,Premium,225
Premium,8,Premium,20
Electric,7,Comfort,44
Van,7,Luxury,51
Van,5,Luxury,23
Auto,8,Economy,48
Van,6,Luxury,234
Mini,5,Economy,114
SUV,8,Premium,178
SUV,7,Premium,148
Luxury,5,Luxury,24
Premium,3,Premium,178
Electric,6,Comfort,20
Electric,5,Comfort,53
Sedan,4,Comfort,50
Auto,4,Economy,89
Luxury,8,Luxury,159
Van,4,Luxury,164
Van,8,Luxury,244
Auto,4,Economy,106
Auto,3,Economy,170
Van,3,Luxury,195
Sedan,4,Comfort,96
Van,4,Luxury,103
Sedan,4,Comfort,222
Sedan,3,Comfort,20
Auto,4,Economy,30
Premium,5,Premium,221
Auto,4,Economy,181
SUV,5,Premium,122
Premium,4,Premium,103
SUV,3,Premium,68
Van,6,Luxury,75
Auto,4,Economy,173
Mini,8,Economy,72
Sedan,3,Comfort,43
Electric,8,Comfort,200
SUV,5,Premium,152
Luxury,7,Luxury,230
Van,7,Luxury,203
Sedan,6,Comfort,42
Electric,6,Comfort,178
